10.04697770648095,2.1564046345826307,2.837631219830687,3,4,0.561538346530175,0.699280368035539,0.343726127427750,0.342227722010591
10.814967891414085,4.444852320942422,2.598689088908778,3,2,0.691256539419512,0.600695244735596,0.393613410109918,0.407651660879701,"[0 0 0 2 2 2 2 2 2 2 2 2 2 2 2 2 2 2 2 2 2]
[0 0 2 2 2 2 2 2 2 2 2 2 2 2 2 2 2 2 2 2 2]
[0 0 2 2 2 2 2 2 2 2 2 2 2 2 2 2 2 2 2 2 2]
[2 2 2 2 2 2 2 2 2 2 2 2 2 2 2 2 2 2 2 2 2]
[2 2 2 2 2 2 2 2 2 2 2 2 2 2 2 2 2 2 2 2 2]
[2 2 2 2 2 2 2 2 2 2 2 2 2 2 2 2 2 2 2 2 2]
[2 2 2 2 2 2 2 2 2 2 2 2 2 2 2 2 2 2 2 2 2]
[2 2 2 2 2 2 2 2 2 2 2 2 2 2 2 2 2 2 2 2 2]
[2 2 2 2 2 2 2 2 2 2 2 2 2 2 2 2 2 2 2 2 2]
[2 2 2 2 2 2 2 2 2 2 2 2 2 2 2 2 2 2 2 2 2]
[2 2 2 2 2 2 2 2 2 2 2 2 2 2 2 2 2 2 2 2 2]
[2 2 2 2 2 2 2 2 2 2 2 2 2 2 2 2 2 2 2 2 2]
[2 2 2 2 2 2 2 2 2 2 2 2 2 2 2 2 2 2 2 2 2]
[2 2 2 2 2 2 2 2 2 2 2 2 2 2 2 2 2 2 2 2 2]
[2 2 2 2 2 2 2 2 2 2 2 2 2 2 2 2 2 2 2 2 2]
[2 2 2 2 2 2 2 2 2 2 2 2 2 2 2 2 2 2 2 2 2]
[2 2 2 2 2 2 2 2 2 2 2 2 2 2 2 2 2 2 2 2 2]
[2 2 2 2 2 2 2 2 2 2 2 2 2 2 2 2 2 2 2 2 2]
[2 2 2 2 2 2 2 2 2 2 2 2 2 2 2 2 2 2 2 2 2]
[2 2 2 2 2 2 2 2 2 2 2 2 2 2 2 2 2 2 2 2 2]
[2 2 2 2 2 2 2 2 2 2 2 2 2 2 2 2 2 2 2 2 2]"
14.387369816097852,3.224147243844073,3.631518107579753,4,4,0.782828319627403,0.559424315077237,0.293313479084815,0.272700787671899,"[0 0 0 0 0 0 0 0 0 0 2 2 2 2 2 2 2 2 2 2 2]
[0 0 0 0 0 0 0 0 0 2 2 2 2 2 2 2 2 2 2 2 2]
[0 0 0 0 0 0 0 0 2 2 2 2 2 2 2 2 2 2 2 2 2]
[0 0 0 0 0 0 0 0 2 2 2 2 2 2 2 2 2 2 2 2 2]
[1 1 0 0 0 2 2 2 2 2 2 2 2 2 2 2 2 2 2 2 2]
[1 1 1 2 2 2 2 2 2 2 2 2 2 2 2 2 2 2 2 2 2]
[1 1 1 2 2 2 2 2 2 2 2 2 2 2 2 2 2 2 2 2 2]
[1 1 1 2 2 2 2 2 2 2 2 2 2 2 2 2 2 2 2 2 2]
[1 1 1 2 2 2 2 2 2 2 2 2 2 2 2 2 2 2 2 2 2]
[1 1 1 2 2 2 2 2 2 2 2 2 2 2 2 2 2 2 2 2 2]
[1 1 1 2 2 2 2 2 2 2 2 2 2 2 2 2 2 2 2 2 2]
[1 1 2 2 2 2 2 2 2 2 2 2 2 2 2 2 2 2 2 2 2]
[1 1 2 2 2 2 2 2 2 2 2 2 2 2 2 2 2 2 2 2 2]
[1 1 2 2 2 2 2 2 2 2 2 2 2 2 2 2 2 2 2 2 2]
[1 1 2 2 2 2 2 2 2 2 2 2 2 2 2 2 2 2 2 2 2]
[1 1 2 2 2 2 2 2 2 2 2 2 2 2 2 2 2 2 2 2 2]
[1 1 2 2 2 2 2 2 2 2 2 2 2 2 2 2 2 2 2 2 2]
[1 1 2 2 2 2 2 2 2 2 2 2 2 2 2 2 2 2 2 2 2]
[1 1 2 2 2 2 2 2 2 2 2 2 2 2 2 2 2 2 2 2 2]
[1 1 2 2 2 2 2 2 2 2 2 2 2 2 2 2 2 2 2 2 2]
[1 1 1 1 2 2 2 2 2 2 2 2 2 2 2 2 2 2 2 2 2]"
10.544506627559613,4.784255905623544,2.480408063448875,3,4,0.563641840012369,0.542655000219057,0.242131241371750,0.240358333993155,"[0 0 0 0 0 0 2 2 2 2 2 2 2 2 2 2 2 2 2 2 2]
[0 0 0 0 0 0 2 2 2 2 2 2 2 2 2 2 2 2 2 2 2]
[0 0 0 0 0 2 2 2 2 2 2 2 2 2 2 2 2 2 2 2 2]
[0 0 0 2 2 2 2 2 2 2 2 2 2 2 2 2 2 2 2 2 2]
[2 2 2 2 2 2 2 2 2 2 2 2 2 2 2 2 2 2 2 2 2]
[2 2 2 2 2 2 2 2 2 2 2 2 2 2 2 2 2 2 2 2 2]
[2 2 2 2 2 2 2 2 2 2 2 2 2 2 2 2 2 2 2 2 2]
[2 2 2 2 2 2 2 2 2 2 2 2 2 2 2 2 2 2 2 2 2]
[2 2 2 2 2 2 2 2 2 2 2 2 2 2 2 2 2 2 2 2 2]
[2 2 2 2 2 2 2 2 2 2 2 2 2 2 2 2 2 2 2 2 2]
[2 2 2 2 2 2 2 2 2 2 2 2 2 2 2 2 2 2 2 2 2]
[2 2 2 2 2 2 2 2 2 2 2 2 2 2 2 2 2 2 2 2 2]
[2 2 2 2 2 2 2 2 2 2 2 2 2 2 2 2 2 2 2 2 2]
[2 2 2 2 2 2 2 2 2 2 2 2 2 2 2 2 2 2 2 2 2]
[2 2 2 2 2 2 2 2 2 2 2 2 2 2 2 2 2 2 2 2 2]
[2 2 2 2 2 2 2 2 2 2 2 2 2 2 2 2 2 2 2 2 2]
[2 2 2 2 2 2 2 2 2 2 2 2 2 2 2 2 2 2 2 2 2]
[2 2 2 2 2 2 2 2 2 2 2 2 2 2 2 2 2 2 2 2 2]
[2 2 2 2 2 2 2 2 2 2 2 2 2 2 2 2 2 2 2 2 2]
[2 2 2 2 2 2 2 2 2 2 2 2 2 2 2 2 2 2 2 2 2]
[1 1 1 2 2 2 2 2 2 2 2 2 2 2 2 2 2 2 2 2 2]"
14.9034799617728,2.4152495446032907,2.5080456379723177,2,2,0.544373640143203,0.789895862358924,0.734239168073067,0.742997627485207,"[1 1 0 2 2 2 2 2 2 2 2 2 2 2 2 2 2 2 2 2 2]
[1 1 2 2 2 2 2 2 2 2 2 2 2 2 2 2 2 2 2 2 2]
[1 1 2 2 2 2 2 2 2 2 2 2 2 2 2 2 2 2 2 2 2]
[1 2 2 2 2 2 2 2 2 2 2 2 2 2 2 2 2 2 2 2 2]
[1 2 2 2 2 2 2 2 2 2 2 2 2 2 2 2 2 2 2 2 2]
[1 2 2 2 2 2 2 2 2 2 2 2 2 2 2 2 2 2 2 2 2]
[1 2 2 2 2 2 2 2 2 2 2 2 2 2 2 2 2 2 2 2 2]
[1 2 2 2 2 2 2 2 2 2 2 2 2 2 2 2 2 2 2 2 2]
[2 2 2 2 2 2 2 2 2 2 2 2 2 2 2 2 2 2 2 2 2]
[2 2 2 2 2 2 2 2 2 2 2 2 2 2 2 2 2 2 2 2 2]
[2 2 2 2 2 2 2 2 2 2 2 2 2 2 2 2 2 2 2 2 2]
[2 2 2 2 2 2 2 2 2 2 2 2 2 2 2 2 2 2 2 2 2]
[2 2 2 2 2 2 2 2 2 2 2 2 2 2 2 2 2 2 2 2 2]
[2 2 2 2 2 2 2 2 2 2 2 2 2 2 2 2 2 2 2 2 2]
[2 2 2 2 2 2 2 2 2 2 2 2 2 2 2 2 2 2 2 2 2]
[2 2 2 2 2 2 2 2 2 2 2 2 2 2 2 2 2 2 2 2 2]
[2 2 2 2 2 2 2 2 2 2 2 2 2 2 2 2 2 2 2 2 2]
[2 2 2 2 2 2 2 2 2 2 2 2 2 2 2 2 2 2 2 2 2]
[2 2 2 2 2 2 2 2 2 2 2 2 2 2 2 2 2 2 2 2 2]
[2 2 2 2 2 2 2 2 2 2 2 2 2 2 2 2 2 2 2 2 2]
[1 1 2 2 2 2 2 2 2 2 2 2 2 2 2 2 2 2 2 2 2]"
18.07479807810865,4.489695452132276,3.473764805599551,4,3,0.763303043201649,0.643779458795938,0.393370825423158,0.394804066026009,"[0 0 0 0 0 0 2 2 2 2 2 2 2 2 2 2 2 2 2 2 2]
[0 0 0 0 0 2 2 2 2 2 2 2 2 2 2 2 2 2 2 2 2]
[0 0 0 0 2 2 2 2 2 2 2 2 2 2 2 2 2 2 2 2 2]
[0 0 0 0 2 2 2 2 2 2 2 2 2 2 2 2 2 2 2 2 2]
[0 0 2 2 2 2 2 2 2 2 2 2 2 2 2 2 2 2 2 2 2]
[2 2 2 2 2 2 2 2 2 2 2 2 2 2 2 2 2 2 2 2 2]
[2 2 2 2 2 2 2 2 2 2 2 2 2 2 2 2 2 2 2 2 2]
[2 2 2 2 2 2 2 2 2 2 2 2 2 2 2 2 2 2 2 2 2]
[2 2 2 2 2 2 2 2 2 2 2 2 2 2 2 2 2 2 2 2 2]
[2 2 2 2 2 2 2 2 2 2 2 2 2 2 2 2 2 2 2 2 2]
[2 2 2 2 2 2 2 2 2 2 2 2 2 2 2 2 2 2 2 2 2]
[2 2 2 2 2 2 2 2 2 2 2 2 2 2 2 2 2 2 2 2 2]
[2 2 2 2 2 2 2 2 2 2 2 2 2 2 2 2 2 2 2 2 2]
[2 2 2 2 2 2 2 2 2 2 2 2 2 2 2 2 2 2 2 2 2]
[2 2 2 2 2 2 2 2 2 2 2 2 2 2 2 2 2 2 2 2 2]
[2 2 2 2 2 2 2 2 2 2 2 2 2 2 2 2 2 2 2 2 2]
[2 2 2 2 2 2 2 2 2 2 2 2 2 2 2 2 2 2 2 2 2]
[2 2 2 2 2 2 2 2 2 2 2 2 2 2 2 2 2 2 2 2 2]
[2 2 2 2 2 2 2 2 2 2 2 2 2 2 2 2 2 2 2 2 2]
[2 2 2 2 2 2 2 2 2 2 2 2 2 2 2 2 2 2 2 2 2]
[1 1 2 2 2 2 2 2 2 2 2 2 2 2 2 2 2 2 2 2 2]"
26.86536998458973,2.71524027991193,3.0522956667802035,2,2,0.689609776826733,0.699817769652801,0.902924223215743,0.921102883137980,"[0 0 0 2 2 2 2 2 2 2 2 2 2 2 2 2 2 2 2 2 2]
[1 0 0 2 2 2 2 2 2 2 2 2 2 2 2 2 2 2 2 2 2]
[1 2 2 2 2 2 2 2 2 2 2 2 2 2 2 2 2 2 2 2 2]
[1 2 2 2 2 2 2 2 2 2 2 2 2 2 2 2 2 2 2 2 2]
[1 2 2 2 2 2 2 2 2 2 2 2 2 2 2 2 2 2 2 2 2]
[1 2 2 2 2 2 2 2 2 2 2 2 2 2 2 2 2 2 2 2 2]
[1 2 2 2 2 2 2 2 2 2 2 2 2 2 2 2 2 2 2 2 2]
[1 2 2 2 2 2 2 2 2 2 2 2 2 2 2 2 2 2 2 2 2]
[1 2 2 2 2 2 2 2 2 2 2 2 2 2 2 2 2 2 2 2 2]
[1 2 2 2 2 2 2 2 2 2 2 2 2 2 2 2 2 2 2 2 2]
[1 2 2 2 2 2 2 2 2 2 2 2 2 2 2 2 2 2 2 2 2]
[2 2 2 2 2 2 2 2 2 2 2 2 2 2 2 2 2 2 2 2 2]
[2 2 2 2 2 2 2 2 2 2 2 2 2 2 2 2 2 2 2 2 2]
[2 2 2 2 2 2 2 2 2 2 2 2 2 2 2 2 2 2 2 2 2]
[2 2 2 2 2 2 2 2 2 2 2 2 2 2 2 2 2 2 2 2 2]
[2 2 2 2 2 2 2 2 2 2 2 2 2 2 2 2 2 2 2 2 2]
[2 2 2 2 2 2 2 2 2 2 2 2 2 2 2 2 2 2 2 2 2]
[2 2 2 2 2 2 2 2 2 2 2 2 2 2 2 2 2 2 2 2 2]
[2 2 2 2 2 2 2 2 2 2 2 2 2 2 2 2 2 2 2 2 2]
[2 2 2 2 2 2 2 2 2 2 2 2 2 2 2 2 2 2 2 2 2]
[1 1 2 2 2 2 2 2 2 2 2 2 2 2 2 2 2 2 2 2 2]"
20.38551975430144,3.765301287612944,2.636762570395347,3,4,0.661197864022530,0.700751316628809,0.530210221724481,0.525447612616090,"[0 0 0 0 0 0 0 2 2 2 2 2 2 2 2 2 2 2 2 2 2]
[0 0 0 0 0 0 2 2 2 2 2 2 2 2 2 2 2 2 2 2 2]
[0 0 0 0 0 2 2 2 2 2 2 2 2 2 2 2 2 2 2 2 2]
[1 1 1 2 2 2 2 2 2 2 2 2 2 2 2 2 2 2 2 2 2]
[1 1 2 2 2 2 2 2 2 2 2 2 2 2 2 2 2 2 2 2 2]
[1 1 2 2 2 2 2 2 2 2 2 2 2 2 2 2 2 2 2 2 2]
[1 1 2 2 2 2 2 2 2 2 2 2 2 2 2 2 2 2 2 2 2]
[1 1 2 2 2 2 2 2 2 2 2 2 2 2 2 2 2 2 2 2 2]
[1 1 2 2 2 2 2 2 2 2 2 2 2 2 2 2 2 2 2 2 2]
[1 2 2 2 2 2 2 2 2 2 2 2 2 2 2 2 2 2 2 2 2]
[1 2 2 2 2 2 2 2 2 2 2 2 2 2 2 2 2 2 2 2 2]
[1 2 2 2 2 2 2 2 2 2 2 2 2 2 2 2 2 2 2 2 2]
[1 2 2 2 2 2 2 2 2 2 2 2 2 2 2 2 2 2 2 2 2]
[1 2 2 2 2 2 2 2 2 2 2 2 2 2 2 2 2 2 2 2 2]
[1 2 2 2 2 2 2 2 2 2 2 2 2 2 2 2 2 2 2 2 2]
[2 2 2 2 2 2 2 2 2 2 2 2 2 2 2 2 2 2 2 2 2]
[2 2 2 2 2 2 2 2 2 2 2 2 2 2 2 2 2 2 2 2 2]
[2 2 2 2 2 2 2 2 2 2 2 2 2 2 2 2 2 2 2 2 2]
[2 2 2 2 2 2 2 2 2 2 2 2 2 2 2 2 2 2 2 2 2]
[2 2 2 2 2 2 2 2 2 2 2 2 2 2 2 2 2 2 2 2 2]
[1 1 1 1 2 2 2 2 2 2 2 2 2 2 2 2 2 2 2 2 2]"
22.4636265473219,3.063051998463462,3.15152096228269,2,4,0.565048508863137,0.788054936622102,0.589484049055442,0.598963397109097,"[1 1 1 1 0 0 0 2 2 2 2 2 2 2 2 2 2 2 2 2 2]
[1 1 1 1 0 0 0 2 2 2 2 2 2 2 2 2 2 2 2 2 2]
[1 1 1 1 2 2 2 2 2 2 2 2 2 2 2 2 2 2 2 2 2]
[1 1 1 1 2 2 2 2 2 2 2 2 2 2 2 2 2 2 2 2 2]
[1 1 1 1 2 2 2 2 2 2 2 2 2 2 2 2 2 2 2 2 2]
[1 1 1 1 2 2 2 2 2 2 2 2 2 2 2 2 2 2 2 2 2]
[1 1 1 1 2 2 2 2 2 2 2 2 2 2 2 2 2 2 2 2 2]
[1 1 1 1 2 2 2 2 2 2 2 2 2 2 2 2 2 2 2 2 2]
[1 1 1 1 2 2 2 2 2 2 2 2 2 2 2 2 2 2 2 2 2]
[1 1 1 1 2 2 2 2 2 2 2 2 2 2 2 2 2 2 2 2 2]
[1 1 1 1 2 2 2 2 2 2 2 2 2 2 2 2 2 2 2 2 2]
[1 1 1 1 2 2 2 2 2 2 2 2 2 2 2 2 2 2 2 2 2]
[1 1 1 1 2 2 2 2 2 2 2 2 2 2 2 2 2 2 2 2 2]
[1 1 1 1 2 2 2 2 2 2 2 2 2 2 2 2 2 2 2 2 2]
[1 1 1 1 2 2 2 2 2 2 2 2 2 2 2 2 2 2 2 2 2]
[1 1 1 1 2 2 2 2 2 2 2 2 2 2 2 2 2 2 2 2 2]
[1 1 1 1 2 2 2 2 2 2 2 2 2 2 2 2 2 2 2 2 2]
[1 1 1 1 2 2 2 2 2 2 2 2 2 2 2 2 2 2 2 2 2]
[1 1 1 1 2 2 2 2 2 2 2 2 2 2 2 2 2 2 2 2 2]
[1 1 1 1 2 2 2 2 2 2 2 2 2 2 2 2 2 2 2 2 2]
[1 1 1 1 2 2 2 2 2 2 2 2 2 2 2 2 2 2 2 2 2]"
24.19800056954924,3.2067653787790924,2.0613602691401334,4,4,0.663053740353934,0.624176229846321,0.622659788150494,0.616522427031630,"[0 0 0 0 0 2 2 2 2 2 2 2 2 2 2 2 2 2 2 2 2]
[0 0 0 0 0 2 2 2 2 2 2 2 2 2 2 2 2 2 2 2 2]
[0 0 0 0 2 2 2 2 2 2 2 2 2 2 2 2 2 2 2 2 2]
[0 0 0 0 2 2 2 2 2 2 2 2 2 2 2 2 2 2 2 2 2]
[2 2 2 2 2 2 2 2 2 2 2 2 2 2 2 2 2 2 2 2 2]
[2 2 2 2 2 2 2 2 2 2 2 2 2 2 2 2 2 2 2 2 2]
[2 2 2 2 2 2 2 2 2 2 2 2 2 2 2 2 2 2 2 2 2]
[2 2 2 2 2 2 2 2 2 2 2 2 2 2 2 2 2 2 2 2 2]
[2 2 2 2 2 2 2 2 2 2 2 2 2 2 2 2 2 2 2 2 2]
[2 2 2 2 2 2 2 2 2 2 2 2 2 2 2 2 2 2 2 2 2]
[2 2 2 2 2 2 2 2 2 2 2 2 2 2 2 2 2 2 2 2 2]
[2 2 2 2 2 2 2 2 2 2 2 2 2 2 2 2 2 2 2 2 2]
[2 2 2 2 2 2 2 2 2 2 2 2 2 2 2 2 2 2 2 2 2]
[2 2 2 2 2 2 2 2 2 2 2 2 2 2 2 2 2 2 2 2 2]
[2 2 2 2 2 2 2 2 2 2 2 2 2 2 2 2 2 2 2 2 2]
[2 2 2 2 2 2 2 2 2 2 2 2 2 2 2 2 2 2 2 2 2]
[2 2 2 2 2 2 2 2 2 2 2 2 2 2 2 2 2 2 2 2 2]
[2 2 2 2 2 2 2 2 2 2 2 2 2 2 2 2 2 2 2 2 2]
[2 2 2 2 2 2 2 2 2 2 2 2 2 2 2 2 2 2 2 2 2]
[2 2 2 2 2 2 2 2 2 2 2 2 2 2 2 2 2 2 2 2 2]
[2 2 2 2 2 2 2 2 2 2 2 2 2 2 2 2 2 2 2 2 2]"
20.651938450822804,4.2774160804281784,4.530232004120549,3,3,0.708220911742796,0.569175384254482,0.397743150250347,0.409729889875778,"[0 0 0 0 0 0 0 2 2 2 2 2 2 2 2 2 2 2 2 2 2]
[0 0 0 0 0 0 0 2 2 2 2 2 2 2 2 2 2 2 2 2 2]
[0 0 0 0 0 0 2 2 2 2 2 2 2 2 2 2 2 2 2 2 2]
[1 1 0 2 2 2 2 2 2 2 2 2 2 2 2 2 2 2 2 2 2]
[1 1 2 2 2 2 2 2 2 2 2 2 2 2 2 2 2 2 2 2 2]
[1 1 2 2 2 2 2 2 2 2 2 2 2 2 2 2 2 2 2 2 2]
[1 1 2 2 2 2 2 2 2 2 2 2 2 2 2 2 2 2 2 2 2]
[1 1 2 2 2 2 2 2 2 2 2 2 2 2 2 2 2 2 2 2 2]
[1 1 2 2 2 2 2 2 2 2 2 2 2 2 2 2 2 2 2 2 2]
[1 1 2 2 2 2 2 2 2 2 2 2 2 2 2 2 2 2 2 2 2]
[1 1 2 2 2 2 2 2 2 2 2 2 2 2 2 2 2 2 2 2 2]
[1 1 2 2 2 2 2 2 2 2 2 2 2 2 2 2 2 2 2 2 2]
[1 1 2 2 2 2 2 2 2 2 2 2 2 2 2 2 2 2 2 2 2]
[1 1 2 2 2 2 2 2 2 2 2 2 2 2 2 2 2 2 2 2 2]
[1 1 2 2 2 2 2 2 2 2 2 2 2 2 2 2 2 2 2 2 2]
[1 2 2 2 2 2 2 2 2 2 2 2 2 2 2 2 2 2 2 2 2]
[1 2 2 2 2 2 2 2 2 2 2 2 2 2 2 2 2 2 2 2 2]
[1 2 2 2 2 2 2 2 2 2 2 2 2 2 2 2 2 2 2 2 2]
[1 2 2 2 2 2 2 2 2 2 2 2 2 2 2 2 2 2 2 2 2]
[1 2 2 2 2 2 2 2 2 2 2 2 2 2 2 2 2 2 2 2 2]
[1 1 1 2 2 2 2 2 2 2 2 2 2 2 2 2 2 2 2 2 2]"
28.75415462897222,2.056739328454167,3.361891970580347,2,2,0.590516339085915,0.592727714413683,0.814221309896791,0.820946299976017,"[1 1 0 2 2 2 2 2 2 2 2 2 2 2 2 2 2 2 2 2 2]
[1 1 2 2 2 2 2 2 2 2 2 2 2 2 2 2 2 2 2 2 2]
[1 1 2 2 2 2 2 2 2 2 2 2 2 2 2 2 2 2 2 2 2]
[1 1 2 2 2 2 2 2 2 2 2 2 2 2 2 2 2 2 2 2 2]
[1 1 2 2 2 2 2 2 2 2 2 2 2 2 2 2 2 2 2 2 2]
[1 2 2 2 2 2 2 2 2 2 2 2 2 2 2 2 2 2 2 2 2]
[1 2 2 2 2 2 2 2 2 2 2 2 2 2 2 2 2 2 2 2 2]
[1 2 2 2 2 2 2 2 2 2 2 2 2 2 2 2 2 2 2 2 2]
[1 2 2 2 2 2 2 2 2 2 2 2 2 2 2 2 2 2 2 2 2]
[1 2 2 2 2 2 2 2 2 2 2 2 2 2 2 2 2 2 2 2 2]
[1 2 2 2 2 2 2 2 2 2 2 2 2 2 2 2 2 2 2 2 2]
[1 2 2 2 2 2 2 2 2 2 2 2 2 2 2 2 2 2 2 2 2]
[1 2 2 2 2 2 2 2 2 2 2 2 2 2 2 2 2 2 2 2 2]
[1 2 2 2 2 2 2 2 2 2 2 2 2 2 2 2 2 2 2 2 2]
[1 2 2 2 2 2 2 2 2 2 2 2 2 2 2 2 2 2 2 2 2]
[1 2 2 2 2 2 2 2 2 2 2 2 2 2 2 2 2 2 2 2 2]
[1 2 2 2 2 2 2 2 2 2 2 2 2 2 2 2 2 2 2 2 2]
[1 2 2 2 2 2 2 2 2 2 2 2 2 2 2 2 2 2 2 2 2]
[1 2 2 2 2 2 2 2 2 2 2 2 2 2 2 2 2 2 2 2 2]
[1 2 2 2 2 2 2 2 2 2 2 2 2 2 2 2 2 2 2 2 2]
[1 1 2 2 2 2 2 2 2 2 2 2 2 2 2 2 2 2 2 2 2]"
16.515252646511588,3.9812324510884314,4.572733428585995,2,3,0.787254476200523,0.624379046760485,0.417310273844477,0.402370333031856,"[0 0 0 0 0 0 0 0 0 2 2 2 2 2 2 2 2 2 2 2 2]
[0 0 0 0 0 0 0 0 0 2 2 2 2 2 2 2 2 2 2 2 2]
[1 1 1 0 2 2 2 2 2 2 2 2 2 2 2 2 2 2 2 2 2]
[1 1 1 2 2 2 2 2 2 2 2 2 2 2 2 2 2 2 2 2 2]
[1 1 1 2 2 2 2 2 2 2 2 2 2 2 2 2 2 2 2 2 2]
[1 1 1 2 2 2 2 2 2 2 2 2 2 2 2 2 2 2 2 2 2]
[1 1 1 2 2 2 2 2 2 2 2 2 2 2 2 2 2 2 2 2 2]
[1 1 1 2 2 2 2 2 2 2 2 2 2 2 2 2 2 2 2 2 2]
[1 1 1 2 2 2 2 2 2 2 2 2 2 2 2 2 2 2 2 2 2]
[1 1 1 2 2 2 2 2 2 2 2 2 2 2 2 2 2 2 2 2 2]
[1 1 1 2 2 2 2 2 2 2 2 2 2 2 2 2 2 2 2 2 2]
[1 1 1 2 2 2 2 2 2 2 2 2 2 2 2 2 2 2 2 2 2]
[1 1 1 2 2 2 2 2 2 2 2 2 2 2 2 2 2 2 2 2 2]
[1 1 1 2 2 2 2 2 2 2 2 2 2 2 2 2 2 2 2 2 2]
[1 1 1 2 2 2 2 2 2 2 2 2 2 2 2 2 2 2 2 2 2]
[1 1 1 2 2 2 2 2 2 2 2 2 2 2 2 2 2 2 2 2 2]
[1 1 1 2 2 2 2 2 2 2 2 2 2 2 2 2 2 2 2 2 2]
[1 1 1 2 2 2 2 2 2 2 2 2 2 2 2 2 2 2 2 2 2]
[1 1 1 2 2 2 2 2 2 2 2 2 2 2 2 2 2 2 2 2 2]
[1 1 1 2 2 2 2 2 2 2 2 2 2 2 2 2 2 2 2 2 2]
[1 1 1 2 2 2 2 2 2 2 2 2 2 2 2 2 2 2 2 2 2]"
11.578606056790088,2.907030014262262,4.434825515857493,3,4,0.774224113743736,0.557958848955821,0.241666140118110,0.217826509485277,"[0 0 0 0 0 0 0 0 0 0 0 0 0 0 2 2 2 2 2 2 2]
[0 0 0 0 0 0 0 0 0 0 0 0 0 2 2 2 2 2 2 2 2]
[0 0 0 0 0 0 0 0 0 0 0 0 2 2 2 2 2 2 2 2 2]
[1 1 1 1 0 0 0 0 2 2 2 2 2 2 2 2 2 2 2 2 2]
[1 1 1 1 1 2 2 2 2 2 2 2 2 2 2 2 2 2 2 2 2]
[1 1 1 1 1 2 2 2 2 2 2 2 2 2 2 2 2 2 2 2 2]
[1 1 1 1 1 2 2 2 2 2 2 2 2 2 2 2 2 2 2 2 2]
[1 1 1 1 2 2 2 2 2 2 2 2 2 2 2 2 2 2 2 2 2]
[1 1 1 1 2 2 2 2 2 2 2 2 2 2 2 2 2 2 2 2 2]
[1 1 1 1 2 2 2 2 2 2 2 2 2 2 2 2 2 2 2 2 2]
[1 1 1 1 2 2 2 2 2 2 2 2 2 2 2 2 2 2 2 2 2]
[1 1 1 1 2 2 2 2 2 2 2 2 2 2 2 2 2 2 2 2 2]
[1 1 1 1 2 2 2 2 2 2 2 2 2 2 2 2 2 2 2 2 2]
[1 1 1 1 2 2 2 2 2 2 2 2 2 2 2 2 2 2 2 2 2]
[1 1 1 1 2 2 2 2 2 2 2 2 2 2 2 2 2 2 2 2 2]
[1 1 1 1 2 2 2 2 2 2 2 2 2 2 2 2 2 2 2 2 2]
[1 1 1 1 2 2 2 2 2 2 2 2 2 2 2 2 2 2 2 2 2]
[1 1 1 1 2 2 2 2 2 2 2 2 2 2 2 2 2 2 2 2 2]
[1 1 1 1 2 2 2 2 2 2 2 2 2 2 2 2 2 2 2 2 2]
[1 1 1 1 2 2 2 2 2 2 2 2 2 2 2 2 2 2 2 2 2]
[1 1 1 1 2 2 2 2 2 2 2 2 2 2 2 2 2 2 2 2 2]"
29.644443895555618,4.497845631734932,3.681237718182378,2,3,0.773115954543143,0.610103728730870,0.694655764022438,0.702560285101463,"[0 0 0 0 0 0 2 2 2 2 2 2 2 2 2 2 2 2 2 2 2]
[0 0 0 0 0 0 2 2 2 2 2 2 2 2 2 2 2 2 2 2 2]
[1 1 2 2 2 2 2 2 2 2 2 2 2 2 2 2 2 2 2 2 2]
[1 1 2 2 2 2 2 2 2 2 2 2 2 2 2 2 2 2 2 2 2]
[1 1 2 2 2 2 2 2 2 2 2 2 2 2 2 2 2 2 2 2 2]
[1 1 2 2 2 2 2 2 2 2 2 2 2 2 2 2 2 2 2 2 2]
[1 1 2 2 2 2 2 2 2 2 2 2 2 2 2 2 2 2 2 2 2]
[1 1 2 2 2 2 2 2 2 2 2 2 2 2 2 2 2 2 2 2 2]
[1 1 2 2 2 2 2 2 2 2 2 2 2 2 2 2 2 2 2 2 2]
[1 1 2 2 2 2 2 2 2 2 2 2 2 2 2 2 2 2 2 2 2]
[1 1 2 2 2 2 2 2 2 2 2 2 2 2 2 2 2 2 2 2 2]
[1 1 2 2 2 2 2 2 2 2 2 2 2 2 2 2 2 2 2 2 2]
[1 1 2 2 2 2 2 2 2 2 2 2 2 2 2 2 2 2 2 2 2]
[1 1 2 2 2 2 2 2 2 2 2 2 2 2 2 2 2 2 2 2 2]
[1 1 2 2 2 2 2 2 2 2 2 2 2 2 2 2 2 2 2 2 2]
[1 1 2 2 2 2 2 2 2 2 2 2 2 2 2 2 2 2 2 2 2]
[1 1 2 2 2 2 2 2 2 2 2 2 2 2 2 2 2 2 2 2 2]
[1 1 2 2 2 2 2 2 2 2 2 2 2 2 2 2 2 2 2 2 2]
[1 1 2 2 2 2 2 2 2 2 2 2 2 2 2 2 2 2 2 2 2]
[1 1 2 2 2 2 2 2 2 2 2 2 2 2 2 2 2 2 2 2 2]
[1 1 1 2 2 2 2 2 2 2 2 2 2 2 2 2 2 2 2 2 2]"
20.660479557554897,4.438151616872699,3.327204703964745,2,4,0.552933764300680,0.575589314581670,0.429001763941528,0.425889695724385,"[0 0 0 0 0 0 0 0 2 2 2 2 2 2 2 2 2 2 2 2 2]
[0 0 0 0 0 0 0 2 2 2 2 2 2 2 2 2 2 2 2 2 2]
[1 1 1 1 2 2 2 2 2 2 2 2 2 2 2 2 2 2 2 2 2]
[1 1 1 1 2 2 2 2 2 2 2 2 2 2 2 2 2 2 2 2 2]
[1 1 1 2 2 2 2 2 2 2 2 2 2 2 2 2 2 2 2 2 2]
[1 1 1 2 2 2 2 2 2 2 2 2 2 2 2 2 2 2 2 2 2]
[1 1 1 2 2 2 2 2 2 2 2 2 2 2 2 2 2 2 2 2 2]
[1 1 1 2 2 2 2 2 2 2 2 2 2 2 2 2 2 2 2 2 2]
[1 1 1 2 2 2 2 2 2 2 2 2 2 2 2 2 2 2 2 2 2]
[1 1 1 2 2 2 2 2 2 2 2 2 2 2 2 2 2 2 2 2 2]
[1 1 1 2 2 2 2 2 2 2 2 2 2 2 2 2 2 2 2 2 2]
[1 1 1 2 2 2 2 2 2 2 2 2 2 2 2 2 2 2 2 2 2]
[1 1 1 2 2 2 2 2 2 2 2 2 2 2 2 2 2 2 2 2 2]
[1 1 1 2 2 2 2 2 2 2 2 2 2 2 2 2 2 2 2 2 2]
[1 1 1 2 2 2 2 2 2 2 2 2 2 2 2 2 2 2 2 2 2]
[1 1 1 2 2 2 2 2 2 2 2 2 2 2 2 2 2 2 2 2 2]
[1 1 1 2 2 2 2 2 2 2 2 2 2 2 2 2 2 2 2 2 2]
[1 1 1 2 2 2 2 2 2 2 2 2 2 2 2 2 2 2 2 2 2]
[1 1 1 2 2 2 2 2 2 2 2 2 2 2 2 2 2 2 2 2 2]
[1 1 1 2 2 2 2 2 2 2 2 2 2 2 2 2 2 2 2 2 2]
[1 1 1 1 2 2 2 2 2 2 2 2 2 2 2 2 2 2 2 2 2]"
23.426457540200886,2.856078149387157,4.58970949917349,4,4,0.525175164505373,0.719269284059157,0.377356308707945,0.368106340452875,"[1 1 1 1 0 0 0 0 0 2 2 2 2 2 2 2 2 2 2 2 2]
[1 1 1 1 0 0 0 0 0 2 2 2 2 2 2 2 2 2 2 2 2]
[1 1 1 1 0 0 0 0 2 2 2 2 2 2 2 2 2 2 2 2 2]
[1 1 1 1 0 0 0 2 2 2 2 2 2 2 2 2 2 2 2 2 2]
[1 1 1 1 2 2 2 2 2 2 2 2 2 2 2 2 2 2 2 2 2]
[1 1 1 1 2 2 2 2 2 2 2 2 2 2 2 2 2 2 2 2 2]
[1 1 1 1 2 2 2 2 2 2 2 2 2 2 2 2 2 2 2 2 2]
[1 1 1 1 2 2 2 2 2 2 2 2 2 2 2 2 2 2 2 2 2]
[1 1 1 1 2 2 2 2 2 2 2 2 2 2 2 2 2 2 2 2 2]
[1 1 1 1 2 2 2 2 2 2 2 2 2 2 2 2 2 2 2 2 2]
[1 1 1 1 2 2 2 2 2 2 2 2 2 2 2 2 2 2 2 2 2]
[1 1 1 1 2 2 2 2 2 2 2 2 2 2 2 2 2 2 2 2 2]
[1 1 1 1 2 2 2 2 2 2 2 2 2 2 2 2 2 2 2 2 2]
[1 1 1 1 2 2 2 2 2 2 2 2 2 2 2 2 2 2 2 2 2]
[1 1 1 1 2 2 2 2 2 2 2 2 2 2 2 2 2 2 2 2 2]
[1 1 1 1 2 2 2 2 2 2 2 2 2 2 2 2 2 2 2 2 2]
[1 1 1 1 2 2 2 2 2 2 2 2 2 2 2 2 2 2 2 2 2]
[1 1 1 1 2 2 2 2 2 2 2 2 2 2 2 2 2 2 2 2 2]
[1 1 1 1 2 2 2 2 2 2 2 2 2 2 2 2 2 2 2 2 2]
[1 1 1 1 2 2 2 2 2 2 2 2 2 2 2 2 2 2 2 2 2]
[1 1 1 1 2 2 2 2 2 2 2 2 2 2 2 2 2 2 2 2 2]"
15.86133699862633,3.6387841864099117,3.977287990231375,2,2,0.570580314019695,0.793395885194135,0.549640756193631,0.538373020328288,"[1 1 0 0 2 2 2 2 2 2 2 2 2 2 2 2 2 2 2 2 2]
[1 0 0 0 2 2 2 2 2 2 2 2 2 2 2 2 2 2 2 2 2]
[1 1 2 2 2 2 2 2 2 2 2 2 2 2 2 2 2 2 2 2 2]
[1 1 2 2 2 2 2 2 2 2 2 2 2 2 2 2 2 2 2 2 2]
[1 1 2 2 2 2 2 2 2 2 2 2 2 2 2 2 2 2 2 2 2]
[1 1 2 2 2 2 2 2 2 2 2 2 2 2 2 2 2 2 2 2 2]
[1 1 2 2 2 2 2 2 2 2 2 2 2 2 2 2 2 2 2 2 2]
[1 1 2 2 2 2 2 2 2 2 2 2 2 2 2 2 2 2 2 2 2]
[1 2 2 2 2 2 2 2 2 2 2 2 2 2 2 2 2 2 2 2 2]
[1 2 2 2 2 2 2 2 2 2 2 2 2 2 2 2 2 2 2 2 2]
[1 2 2 2 2 2 2 2 2 2 2 2 2 2 2 2 2 2 2 2 2]
[1 2 2 2 2 2 2 2 2 2 2 2 2 2 2 2 2 2 2 2 2]
[1 2 2 2 2 2 2 2 2 2 2 2 2 2 2 2 2 2 2 2 2]
[1 2 2 2 2 2 2 2 2 2 2 2 2 2 2 2 2 2 2 2 2]
[1 2 2 2 2 2 2 2 2 2 2 2 2 2 2 2 2 2 2 2 2]
[1 2 2 2 2 2 2 2 2 2 2 2 2 2 2 2 2 2 2 2 2]
[1 2 2 2 2 2 2 2 2 2 2 2 2 2 2 2 2 2 2 2 2]
[1 2 2 2 2 2 2 2 2 2 2 2 2 2 2 2 2 2 2 2 2]
[1 2 2 2 2 2 2 2 2 2 2 2 2 2 2 2 2 2 2 2 2]
[1 2 2 2 2 2 2 2 2 2 2 2 2 2 2 2 2 2 2 2 2]
[1 1 2 2 2 2 2 2 2 2 2 2 2 2 2 2 2 2 2 2 2]"
11.505021595196101,4.0412237167157645,4.620535775843263,2,2,0.662378959696119,0.697018641435074,0.363772231169221,0.351688622338958,"[0 0 0 0 0 0 2 2 2 2 2 2 2 2 2 2 2 2 2 2 2]
[0 0 0 0 0 2 2 2 2 2 2 2 2 2 2 2 2 2 2 2 2]
[1 1 2 2 2 2 2 2 2 2 2 2 2 2 2 2 2 2 2 2 2]
[1 1 2 2 2 2 2 2 2 2 2 2 2 2 2 2 2 2 2 2 2]
[1 1 2 2 2 2 2 2 2 2 2 2 2 2 2 2 2 2 2 2 2]
[1 1 2 2 2 2 2 2 2 2 2 2 2 2 2 2 2 2 2 2 2]
[1 1 2 2 2 2 2 2 2 2 2 2 2 2 2 2 2 2 2 2 2]
[1 1 2 2 2 2 2 2 2 2 2 2 2 2 2 2 2 2 2 2 2]
[1 1 2 2 2 2 2 2 2 2 2 2 2 2 2 2 2 2 2 2 2]
[1 1 2 2 2 2 2 2 2 2 2 2 2 2 2 2 2 2 2 2 2]
[1 2 2 2 2 2 2 2 2 2 2 2 2 2 2 2 2 2 2 2 2]
[1 2 2 2 2 2 2 2 2 2 2 2 2 2 2 2 2 2 2 2 2]
[1 2 2 2 2 2 2 2 2 2 2 2 2 2 2 2 2 2 2 2 2]
[1 2 2 2 2 2 2 2 2 2 2 2 2 2 2 2 2 2 2 2 2]
[1 2 2 2 2 2 2 2 2 2 2 2 2 2 2 2 2 2 2 2 2]
[1 2 2 2 2 2 2 2 2 2 2 2 2 2 2 2 2 2 2 2 2]
[1 2 2 2 2 2 2 2 2 2 2 2 2 2 2 2 2 2 2 2 2]
[1 2 2 2 2 2 2 2 2 2 2 2 2 2 2 2 2 2 2 2 2]
[1 2 2 2 2 2 2 2 2 2 2 2 2 2 2 2 2 2 2 2 2]
[1 2 2 2 2 2 2 2 2 2 2 2 2 2 2 2 2 2 2 2 2]
[1 1 2 2 2 2 2 2 2 2 2 2 2 2 2 2 2 2 2 2 2]"
27.63941753056828,2.6123592529651005,4.272881897837173,2,3,0.527459617340094,0.557004983523682,0.568459538931980,0.568028892564697,"[1 1 1 0 0 2 2 2 2 2 2 2 2 2 2 2 2 2 2 2 2]
[1 1 1 0 0 2 2 2 2 2 2 2 2 2 2 2 2 2 2 2 2]
[1 1 1 2 2 2 2 2 2 2 2 2 2 2 2 2 2 2 2 2 2]
[1 1 1 2 2 2 2 2 2 2 2 2 2 2 2 2 2 2 2 2 2]
[1 1 1 2 2 2 2 2 2 2 2 2 2 2 2 2 2 2 2 2 2]
[1 1 1 2 2 2 2 2 2 2 2 2 2 2 2 2 2 2 2 2 2]
[1 1 1 2 2 2 2 2 2 2 2 2 2 2 2 2 2 2 2 2 2]
[1 1 1 2 2 2 2 2 2 2 2 2 2 2 2 2 2 2 2 2 2]
[1 1 1 2 2 2 2 2 2 2 2 2 2 2 2 2 2 2 2 2 2]
[1 1 1 2 2 2 2 2 2 2 2 2 2 2 2 2 2 2 2 2 2]
[1 1 1 2 2 2 2 2 2 2 2 2 2 2 2 2 2 2 2 2 2]
[1 1 1 2 2 2 2 2 2 2 2 2 2 2 2 2 2 2 2 2 2]
[1 1 1 2 2 2 2 2 2 2 2 2 2 2 2 2 2 2 2 2 2]
[1 1 1 2 2 2 2 2 2 2 2 2 2 2 2 2 2 2 2 2 2]
[1 1 1 2 2 2 2 2 2 2 2 2 2 2 2 2 2 2 2 2 2]
[1 1 1 2 2 2 2 2 2 2 2 2 2 2 2 2 2 2 2 2 2]
[1 1 1 2 2 2 2 2 2 2 2 2 2 2 2 2 2 2 2 2 2]
[1 1 1 2 2 2 2 2 2 2 2 2 2 2 2 2 2 2 2 2 2]
[1 1 1 2 2 2 2 2 2 2 2 2 2 2 2 2 2 2 2 2 2]
[1 1 1 2 2 2 2 2 2 2 2 2 2 2 2 2 2 2 2 2 2]
[1 1 1 2 2 2 2 2 2 2 2 2 2 2 2 2 2 2 2 2 2]"
12.390620348819393,4.209675497866062,4.989125482164297,4,2,0.738926452348424,0.745178323901269,0.277099626589225,0.277277581287788,"[0 0 0 0 0 0 2 2 2 2 2 2 2 2 2 2 2 2 2 2 2]
[0 0 0 0 0 2 2 2 2 2 2 2 2 2 2 2 2 2 2 2 2]
[0 0 0 0 2 2 2 2 2 2 2 2 2 2 2 2 2 2 2 2 2]
[0 0 0 0 2 2 2 2 2 2 2 2 2 2 2 2 2 2 2 2 2]
[0 0 2 2 2 2 2 2 2 2 2 2 2 2 2 2 2 2 2 2 2]
[1 2 2 2 2 2 2 2 2 2 2 2 2 2 2 2 2 2 2 2 2]
[2 2 2 2 2 2 2 2 2 2 2 2 2 2 2 2 2 2 2 2 2]
[2 2 2 2 2 2 2 2 2 2 2 2 2 2 2 2 2 2 2 2 2]
[2 2 2 2 2 2 2 2 2 2 2 2 2 2 2 2 2 2 2 2 2]
[2 2 2 2 2 2 2 2 2 2 2 2 2 2 2 2 2 2 2 2 2]
[2 2 2 2 2 2 2 2 2 2 2 2 2 2 2 2 2 2 2 2 2]
[2 2 2 2 2 2 2 2 2 2 2 2 2 2 2 2 2 2 2 2 2]
[2 2 2 2 2 2 2 2 2 2 2 2 2 2 2 2 2 2 2 2 2]
[2 2 2 2 2 2 2 2 2 2 2 2 2 2 2 2 2 2 2 2 2]
[2 2 2 2 2 2 2 2 2 2 2 2 2 2 2 2 2 2 2 2 2]
[2 2 2 2 2 2 2 2 2 2 2 2 2 2 2 2 2 2 2 2 2]
[2 2 2 2 2 2 2 2 2 2 2 2 2 2 2 2 2 2 2 2 2]
[2 2 2 2 2 2 2 2 2 2 2 2 2 2 2 2 2 2 2 2 2]
[2 2 2 2 2 2 2 2 2 2 2 2 2 2 2 2 2 2 2 2 2]
[2 2 2 2 2 2 2 2 2 2 2 2 2 2 2 2 2 2 2 2 2]
[1 1 2 2 2 2 2 2 2 2 2 2 2 2 2 2 2 2 2 2 2]"
14.834422248528208,4.2118439887517045,2.1092924702987794,4,3,0.570670444177434,0.573225205100198,0.395966107040469,0.407997342247285,"[0 0 0 0 2 2 2 2 2 2 2 2 2 2 2 2 2 2 2 2 2]
[0 0 0 2 2 2 2 2 2 2 2 2 2 2 2 2 2 2 2 2 2]
[0 0 2 2 2 2 2 2 2 2 2 2 2 2 2 2 2 2 2 2 2]
[0 0 2 2 2 2 2 2 2 2 2 2 2 2 2 2 2 2 2 2 2]
[2 2 2 2 2 2 2 2 2 2 2 2 2 2 2 2 2 2 2 2 2]
[2 2 2 2 2 2 2 2 2 2 2 2 2 2 2 2 2 2 2 2 2]
[2 2 2 2 2 2 2 2 2 2 2 2 2 2 2 2 2 2 2 2 2]
[2 2 2 2 2 2 2 2 2 2 2 2 2 2 2 2 2 2 2 2 2]
[2 2 2 2 2 2 2 2 2 2 2 2 2 2 2 2 2 2 2 2 2]
[2 2 2 2 2 2 2 2 2 2 2 2 2 2 2 2 2 2 2 2 2]
[2 2 2 2 2 2 2 2 2 2 2 2 2 2 2 2 2 2 2 2 2]
[2 2 2 2 2 2 2 2 2 2 2 2 2 2 2 2 2 2 2 2 2]
[2 2 2 2 2 2 2 2 2 2 2 2 2 2 2 2 2 2 2 2 2]
[2 2 2 2 2 2 2 2 2 2 2 2 2 2 2 2 2 2 2 2 2]
[2 2 2 2 2 2 2 2 2 2 2 2 2 2 2 2 2 2 2 2 2]
[2 2 2 2 2 2 2 2 2 2 2 2 2 2 2 2 2 2 2 2 2]
[2 2 2 2 2 2 2 2 2 2 2 2 2 2 2 2 2 2 2 2 2]
[2 2 2 2 2 2 2 2 2 2 2 2 2 2 2 2 2 2 2 2 2]
[2 2 2 2 2 2 2 2 2 2 2 2 2 2 2 2 2 2 2 2 2]
[2 2 2 2 2 2 2 2 2 2 2 2 2 2 2 2 2 2 2 2 2]
[2 2 2 2 2 2 2 2 2 2 2 2 2 2 2 2 2 2 2 2 2]"
13.537180469074722,4.975934992957312,3.985978200711041,2,4,0.742498427551990,0.783880172161555,0.274861829757706,0.273223042342733,"[0 0 0 0 0 0 0 0 0 0 0 0 0 2 2 2 2 2 2 2 2]
[0 0 0 0 0 0 0 0 0 0 0 0 2 2 2 2 2 2 2 2 2]
[0 1 1 0 0 0 0 0 0 2 2 2 2 2 2 2 2 2 2 2 2]
[1 1 1 1 1 0 2 2 2 2 2 2 2 2 2 2 2 2 2 2 2]
[1 1 1 1 1 2 2 2 2 2 2 2 2 2 2 2 2 2 2 2 2]
[1 1 1 1 2 2 2 2 2 2 2 2 2 2 2 2 2 2 2 2 2]
[1 1 1 1 2 2 2 2 2 2 2 2 2 2 2 2 2 2 2 2 2]
[1 1 1 1 2 2 2 2 2 2 2 2 2 2 2 2 2 2 2 2 2]
[1 1 1 1 2 2 2 2 2 2 2 2 2 2 2 2 2 2 2 2 2]
[1 1 1 1 2 2 2 2 2 2 2 2 2 2 2 2 2 2 2 2 2]
[1 1 1 1 2 2 2 2 2 2 2 2 2 2 2 2 2 2 2 2 2]
[1 1 1 1 2 2 2 2 2 2 2 2 2 2 2 2 2 2 2 2 2]
[1 1 1 1 2 2 2 2 2 2 2 2 2 2 2 2 2 2 2 2 2]
[1 1 1 1 2 2 2 2 2 2 2 2 2 2 2 2 2 2 2 2 2]
[1 1 1 1 2 2 2 2 2 2 2 2 2 2 2 2 2 2 2 2 2]
[1 1 1 1 2 2 2 2 2 2 2 2 2 2 2 2 2 2 2 2 2]
[1 1 1 1 2 2 2 2 2 2 2 2 2 2 2 2 2 2 2 2 2]
[1 1 1 1 2 2 2 2 2 2 2 2 2 2 2 2 2 2 2 2 2]
[1 1 1 1 2 2 2 2 2 2 2 2 2 2 2 2 2 2 2 2 2]
[1 1 1 1 2 2 2 2 2 2 2 2 2 2 2 2 2 2 2 2 2]
[1 1 1 1 2 2 2 2 2 2 2 2 2 2 2 2 2 2 2 2 2]"
18.6514058296353,2.178234826570983,3.750668282145925,4,2,0.671527855236967,0.723739995655849,0.649310513702264,0.655377239769413,"[1 1 0 0 2 2 2 2 2 2 2 2 2 2 2 2 2 2 2 2 2]
[1 1 0 2 2 2 2 2 2 2 2 2 2 2 2 2 2 2 2 2 2]
[1 1 0 2 2 2 2 2 2 2 2 2 2 2 2 2 2 2 2 2 2]
[1 1 2 2 2 2 2 2 2 2 2 2 2 2 2 2 2 2 2 2 2]
[1 2 2 2 2 2 2 2 2 2 2 2 2 2 2 2 2 2 2 2 2]
[1 2 2 2 2 2 2 2 2 2 2 2 2 2 2 2 2 2 2 2 2]
[1 2 2 2 2 2 2 2 2 2 2 2 2 2 2 2 2 2 2 2 2]
[1 2 2 2 2 2 2 2 2 2 2 2 2 2 2 2 2 2 2 2 2]
[1 2 2 2 2 2 2 2 2 2 2 2 2 2 2 2 2 2 2 2 2]
[1 2 2 2 2 2 2 2 2 2 2 2 2 2 2 2 2 2 2 2 2]
[2 2 2 2 2 2 2 2 2 2 2 2 2 2 2 2 2 2 2 2 2]
[2 2 2 2 2 2 2 2 2 2 2 2 2 2 2 2 2 2 2 2 2]
[2 2 2 2 2 2 2 2 2 2 2 2 2 2 2 2 2 2 2 2 2]
[2 2 2 2 2 2 2 2 2 2 2 2 2 2 2 2 2 2 2 2 2]
[2 2 2 2 2 2 2 2 2 2 2 2 2 2 2 2 2 2 2 2 2]
[2 2 2 2 2 2 2 2 2 2 2 2 2 2 2 2 2 2 2 2 2]
[2 2 2 2 2 2 2 2 2 2 2 2 2 2 2 2 2 2 2 2 2]
[2 2 2 2 2 2 2 2 2 2 2 2 2 2 2 2 2 2 2 2 2]
[2 2 2 2 2 2 2 2 2 2 2 2 2 2 2 2 2 2 2 2 2]
[2 2 2 2 2 2 2 2 2 2 2 2 2 2 2 2 2 2 2 2 2]
[1 1 2 2 2 2 2 2 2 2 2 2 2 2 2 2 2 2 2 2 2]"
22.685805347862555,4.499889485242625,4.470828838811494,3,2,0.636240915578470,0.580709333937711,0.501847492891077,0.509380065787268,"[0 0 0 0 2 2 2 2 2 2 2 2 2 2 2 2 2 2 2 2 2]
[0 0 0 0 2 2 2 2 2 2 2 2 2 2 2 2 2 2 2 2 2]
[0 0 0 2 2 2 2 2 2 2 2 2 2 2 2 2 2 2 2 2 2]
[1 2 2 2 2 2 2 2 2 2 2 2 2 2 2 2 2 2 2 2 2]
[2 2 2 2 2 2 2 2 2 2 2 2 2 2 2 2 2 2 2 2 2]
[2 2 2 2 2 2 2 2 2 2 2 2 2 2 2 2 2 2 2 2 2]
[2 2 2 2 2 2 2 2 2 2 2 2 2 2 2 2 2 2 2 2 2]
[2 2 2 2 2 2 2 2 2 2 2 2 2 2 2 2 2 2 2 2 2]
[2 2 2 2 2 2 2 2 2 2 2 2 2 2 2 2 2 2 2 2 2]
[2 2 2 2 2 2 2 2 2 2 2 2 2 2 2 2 2 2 2 2 2]
[2 2 2 2 2 2 2 2 2 2 2 2 2 2 2 2 2 2 2 2 2]
[2 2 2 2 2 2 2 2 2 2 2 2 2 2 2 2 2 2 2 2 2]
[2 2 2 2 2 2 2 2 2 2 2 2 2 2 2 2 2 2 2 2 2]
[2 2 2 2 2 2 2 2 2 2 2 2 2 2 2 2 2 2 2 2 2]
[2 2 2 2 2 2 2 2 2 2 2 2 2 2 2 2 2 2 2 2 2]
[2 2 2 2 2 2 2 2 2 2 2 2 2 2 2 2 2 2 2 2 2]
[2 2 2 2 2 2 2 2 2 2 2 2 2 2 2 2 2 2 2 2 2]
[2 2 2 2 2 2 2 2 2 2 2 2 2 2 2 2 2 2 2 2 2]
[2 2 2 2 2 2 2 2 2 2 2 2 2 2 2 2 2 2 2 2 2]
[2 2 2 2 2 2 2 2 2 2 2 2 2 2 2 2 2 2 2 2 2]
[1 1 2 2 2 2 2 2 2 2 2 2 2 2 2 2 2 2 2 2 2]"
16.21731857725331,4.896353705642525,2.332616562613171,2,4,0.700973460801599,0.532681935059782,0.462464557000355,0.457787833404746,"[0 0 0 0 0 0 2 2 2 2 2 2 2 2 2 2 2 2 2 2 2]
[0 0 0 0 0 2 2 2 2 2 2 2 2 2 2 2 2 2 2 2 2]
[0 0 2 2 2 2 2 2 2 2 2 2 2 2 2 2 2 2 2 2 2]
[2 2 2 2 2 2 2 2 2 2 2 2 2 2 2 2 2 2 2 2 2]
[2 2 2 2 2 2 2 2 2 2 2 2 2 2 2 2 2 2 2 2 2]
[2 2 2 2 2 2 2 2 2 2 2 2 2 2 2 2 2 2 2 2 2]
[2 2 2 2 2 2 2 2 2 2 2 2 2 2 2 2 2 2 2 2 2]
[2 2 2 2 2 2 2 2 2 2 2 2 2 2 2 2 2 2 2 2 2]
[2 2 2 2 2 2 2 2 2 2 2 2 2 2 2 2 2 2 2 2 2]
[2 2 2 2 2 2 2 2 2 2 2 2 2 2 2 2 2 2 2 2 2]
[2 2 2 2 2 2 2 2 2 2 2 2 2 2 2 2 2 2 2 2 2]
[2 2 2 2 2 2 2 2 2 2 2 2 2 2 2 2 2 2 2 2 2]
[2 2 2 2 2 2 2 2 2 2 2 2 2 2 2 2 2 2 2 2 2]
[2 2 2 2 2 2 2 2 2 2 2 2 2 2 2 2 2 2 2 2 2]
[2 2 2 2 2 2 2 2 2 2 2 2 2 2 2 2 2 2 2 2 2]
[2 2 2 2 2 2 2 2 2 2 2 2 2 2 2 2 2 2 2 2 2]
[2 2 2 2 2 2 2 2 2 2 2 2 2 2 2 2 2 2 2 2 2]
[2 2 2 2 2 2 2 2 2 2 2 2 2 2 2 2 2 2 2 2 2]
[2 2 2 2 2 2 2 2 2 2 2 2 2 2 2 2 2 2 2 2 2]
[2 2 2 2 2 2 2 2 2 2 2 2 2 2 2 2 2 2 2 2 2]
[1 1 1 2 2 2 2 2 2 2 2 2 2 2 2 2 2 2 2 2 2]"
26.724456951584084,2.168457381013535,4.193334311183082,4,2,0.774316475255988,0.527289298871629,0.720410055424224,0.708741252898828,"[1 0 0 0 2 2 2 2 2 2 2 2 2 2 2 2 2 2 2 2 2]
[1 0 0 0 2 2 2 2 2 2 2 2 2 2 2 2 2 2 2 2 2]
[0 0 0 2 2 2 2 2 2 2 2 2 2 2 2 2 2 2 2 2 2]
[0 0 0 2 2 2 2 2 2 2 2 2 2 2 2 2 2 2 2 2 2]
[1 2 2 2 2 2 2 2 2 2 2 2 2 2 2 2 2 2 2 2 2]
[1 2 2 2 2 2 2 2 2 2 2 2 2 2 2 2 2 2 2 2 2]
[1 2 2 2 2 2 2 2 2 2 2 2 2 2 2 2 2 2 2 2 2]
[1 2 2 2 2 2 2 2 2 2 2 2 2 2 2 2 2 2 2 2 2]
[2 2 2 2 2 2 2 2 2 2 2 2 2 2 2 2 2 2 2 2 2]
[2 2 2 2 2 2 2 2 2 2 2 2 2 2 2 2 2 2 2 2 2]
[2 2 2 2 2 2 2 2 2 2 2 2 2 2 2 2 2 2 2 2 2]
[2 2 2 2 2 2 2 2 2 2 2 2 2 2 2 2 2 2 2 2 2]
[2 2 2 2 2 2 2 2 2 2 2 2 2 2 2 2 2 2 2 2 2]
[2 2 2 2 2 2 2 2 2 2 2 2 2 2 2 2 2 2 2 2 2]
[2 2 2 2 2 2 2 2 2 2 2 2 2 2 2 2 2 2 2 2 2]
[2 2 2 2 2 2 2 2 2 2 2 2 2 2 2 2 2 2 2 2 2]
[2 2 2 2 2 2 2 2 2 2 2 2 2 2 2 2 2 2 2 2 2]
[2 2 2 2 2 2 2 2 2 2 2 2 2 2 2 2 2 2 2 2 2]
[2 2 2 2 2 2 2 2 2 2 2 2 2 2 2 2 2 2 2 2 2]
[2 2 2 2 2 2 2 2 2 2 2 2 2 2 2 2 2 2 2 2 2]
[1 1 2 2 2 2 2 2 2 2 2 2 2 2 2 2 2 2 2 2 2]"
13.633219565995256,3.4894127396164123,3.646047452370592,4,2,0.593095356239824,0.577622772467619,0.372254383097528,0.366274051758810,"[0 0 0 0 2 2 2 2 2 2 2 2 2 2 2 2 2 2 2 2 2]
[0 0 0 2 2 2 2 2 2 2 2 2 2 2 2 2 2 2 2 2 2]
[0 0 0 2 2 2 2 2 2 2 2 2 2 2 2 2 2 2 2 2 2]
[0 0 2 2 2 2 2 2 2 2 2 2 2 2 2 2 2 2 2 2 2]
[2 2 2 2 2 2 2 2 2 2 2 2 2 2 2 2 2 2 2 2 2]
[2 2 2 2 2 2 2 2 2 2 2 2 2 2 2 2 2 2 2 2 2]
[2 2 2 2 2 2 2 2 2 2 2 2 2 2 2 2 2 2 2 2 2]
[2 2 2 2 2 2 2 2 2 2 2 2 2 2 2 2 2 2 2 2 2]
[2 2 2 2 2 2 2 2 2 2 2 2 2 2 2 2 2 2 2 2 2]
[2 2 2 2 2 2 2 2 2 2 2 2 2 2 2 2 2 2 2 2 2]
[2 2 2 2 2 2 2 2 2 2 2 2 2 2 2 2 2 2 2 2 2]
[2 2 2 2 2 2 2 2 2 2 2 2 2 2 2 2 2 2 2 2 2]
[2 2 2 2 2 2 2 2 2 2 2 2 2 2 2 2 2 2 2 2 2]
[2 2 2 2 2 2 2 2 2 2 2 2 2 2 2 2 2 2 2 2 2]
[2 2 2 2 2 2 2 2 2 2 2 2 2 2 2 2 2 2 2 2 2]
[2 2 2 2 2 2 2 2 2 2 2 2 2 2 2 2 2 2 2 2 2]
[2 2 2 2 2 2 2 2 2 2 2 2 2 2 2 2 2 2 2 2 2]
[2 2 2 2 2 2 2 2 2 2 2 2 2 2 2 2 2 2 2 2 2]
[2 2 2 2 2 2 2 2 2 2 2 2 2 2 2 2 2 2 2 2 2]
[2 2 2 2 2 2 2 2 2 2 2 2 2 2 2 2 2 2 2 2 2]
[1 1 2 2 2 2 2 2 2 2 2 2 2 2 2 2 2 2 2 2 2]"
11.394762346054069,4.755430303243578,3.5739323668472984,4,3,0.520708429612373,0.531256904609784,0.193095315027717,0.192267875191063,"[0 0 0 0 0 0 2 2 2 2 2 2 2 2 2 2 2 2 2 2 2]
[0 0 0 0 0 2 2 2 2 2 2 2 2 2 2 2 2 2 2 2 2]
[0 0 0 0 2 2 2 2 2 2 2 2 2 2 2 2 2 2 2 2 2]
[0 0 0 0 2 2 2 2 2 2 2 2 2 2 2 2 2 2 2 2 2]
[0 0 2 2 2 2 2 2 2 2 2 2 2 2 2 2 2 2 2 2 2]
[2 2 2 2 2 2 2 2 2 2 2 2 2 2 2 2 2 2 2 2 2]
[2 2 2 2 2 2 2 2 2 2 2 2 2 2 2 2 2 2 2 2 2]
[2 2 2 2 2 2 2 2 2 2 2 2 2 2 2 2 2 2 2 2 2]
[2 2 2 2 2 2 2 2 2 2 2 2 2 2 2 2 2 2 2 2 2]
[2 2 2 2 2 2 2 2 2 2 2 2 2 2 2 2 2 2 2 2 2]
[2 2 2 2 2 2 2 2 2 2 2 2 2 2 2 2 2 2 2 2 2]
[2 2 2 2 2 2 2 2 2 2 2 2 2 2 2 2 2 2 2 2 2]
[2 2 2 2 2 2 2 2 2 2 2 2 2 2 2 2 2 2 2 2 2]
[2 2 2 2 2 2 2 2 2 2 2 2 2 2 2 2 2 2 2 2 2]
[2 2 2 2 2 2 2 2 2 2 2 2 2 2 2 2 2 2 2 2 2]
[2 2 2 2 2 2 2 2 2 2 2 2 2 2 2 2 2 2 2 2 2]
[2 2 2 2 2 2 2 2 2 2 2 2 2 2 2 2 2 2 2 2 2]
[2 2 2 2 2 2 2 2 2 2 2 2 2 2 2 2 2 2 2 2 2]
[2 2 2 2 2 2 2 2 2 2 2 2 2 2 2 2 2 2 2 2 2]
[2 2 2 2 2 2 2 2 2 2 2 2 2 2 2 2 2 2 2 2 2]
[1 1 1 2 2 2 2 2 2 2 2 2 2 2 2 2 2 2 2 2 2]"
26.693917107729416,3.1556759283416516,3.039330018677306,3,2,0.687714720481543,0.704679402943165,0.804867220777739,0.810356220874763,"[0 0 0 2 2 2 2 2 2 2 2 2 2 2 2 2 2 2 2 2 2]
[0 0 0 2 2 2 2 2 2 2 2 2 2 2 2 2 2 2 2 2 2]
[0 0 2 2 2 2 2 2 2 2 2 2 2 2 2 2 2 2 2 2 2]
[2 2 2 2 2 2 2 2 2 2 2 2 2 2 2 2 2 2 2 2 2]
[2 2 2 2 2 2 2 2 2 2 2 2 2 2 2 2 2 2 2 2 2]
[2 2 2 2 2 2 2 2 2 2 2 2 2 2 2 2 2 2 2 2 2]
[2 2 2 2 2 2 2 2 2 2 2 2 2 2 2 2 2 2 2 2 2]
[2 2 2 2 2 2 2 2 2 2 2 2 2 2 2 2 2 2 2 2 2]
[2 2 2 2 2 2 2 2 2 2 2 2 2 2 2 2 2 2 2 2 2]
[2 2 2 2 2 2 2 2 2 2 2 2 2 2 2 2 2 2 2 2 2]
[2 2 2 2 2 2 2 2 2 2 2 2 2 2 2 2 2 2 2 2 2]
[2 2 2 2 2 2 2 2 2 2 2 2 2 2 2 2 2 2 2 2 2]
[2 2 2 2 2 2 2 2 2 2 2 2 2 2 2 2 2 2 2 2 2]
[2 2 2 2 2 2 2 2 2 2 2 2 2 2 2 2 2 2 2 2 2]
[2 2 2 2 2 2 2 2 2 2 2 2 2 2 2 2 2 2 2 2 2]
[2 2 2 2 2 2 2 2 2 2 2 2 2 2 2 2 2 2 2 2 2]
[2 2 2 2 2 2 2 2 2 2 2 2 2 2 2 2 2 2 2 2 2]
[2 2 2 2 2 2 2 2 2 2 2 2 2 2 2 2 2 2 2 2 2]
[2 2 2 2 2 2 2 2 2 2 2 2 2 2 2 2 2 2 2 2 2]
[2 2 2 2 2 2 2 2 2 2 2 2 2 2 2 2 2 2 2 2 2]
[1 2 2 2 2 2 2 2 2 2 2 2 2 2 2 2 2 2 2 2 2]"
12.631164765015793,4.037000969684792,3.792468864245083,3,4,0.638301938877723,0.694375845205493,0.231102710600572,0.221274245789590,"[0 0 0 0 0 0 0 0 0 0 0 2 2 2 2 2 2 2 2 2 2]
[0 0 0 0 0 0 0 0 0 0 2 2 2 2 2 2 2 2 2 2 2]
[0 0 0 0 0 0 0 0 0 2 2 2 2 2 2 2 2 2 2 2 2]
[1 1 1 0 0 0 0 2 2 2 2 2 2 2 2 2 2 2 2 2 2]
[1 1 1 1 2 2 2 2 2 2 2 2 2 2 2 2 2 2 2 2 2]
[1 1 1 1 2 2 2 2 2 2 2 2 2 2 2 2 2 2 2 2 2]
[1 1 1 1 2 2 2 2 2 2 2 2 2 2 2 2 2 2 2 2 2]
[1 1 1 1 2 2 2 2 2 2 2 2 2 2 2 2 2 2 2 2 2]
[1 1 1 1 2 2 2 2 2 2 2 2 2 2 2 2 2 2 2 2 2]
[1 1 1 1 2 2 2 2 2 2 2 2 2 2 2 2 2 2 2 2 2]
[1 1 1 1 2 2 2 2 2 2 2 2 2 2 2 2 2 2 2 2 2]
[1 1 1 1 2 2 2 2 2 2 2 2 2 2 2 2 2 2 2 2 2]
[1 1 1 1 2 2 2 2 2 2 2 2 2 2 2 2 2 2 2 2 2]
[1 1 1 1 2 2 2 2 2 2 2 2 2 2 2 2 2 2 2 2 2]
[1 1 1 1 2 2 2 2 2 2 2 2 2 2 2 2 2 2 2 2 2]
[1 1 1 2 2 2 2 2 2 2 2 2 2 2 2 2 2 2 2 2 2]
[1 1 1 2 2 2 2 2 2 2 2 2 2 2 2 2 2 2 2 2 2]
[1 1 1 2 2 2 2 2 2 2 2 2 2 2 2 2 2 2 2 2 2]
[1 1 1 2 2 2 2 2 2 2 2 2 2 2 2 2 2 2 2 2 2]
[1 1 1 2 2 2 2 2 2 2 2 2 2 2 2 2 2 2 2 2 2]
[1 1 1 1 2 2 2 2 2 2 2 2 2 2 2 2 2 2 2 2 2]"
18.770723843671462,3.36851000804667,4.435571292335244,3,3,0.564676339415080,0.640207843174645,0.390933687181657,0.385061251260307,"[0 0 0 0 0 0 0 2 2 2 2 2 2 2 2 2 2 2 2 2 2]
[0 0 0 0 0 0 2 2 2 2 2 2 2 2 2 2 2 2 2 2 2]
[0 0 0 0 0 0 2 2 2 2 2 2 2 2 2 2 2 2 2 2 2]
[1 1 1 2 2 2 2 2 2 2 2 2 2 2 2 2 2 2 2 2 2]
[1 1 1 2 2 2 2 2 2 2 2 2 2 2 2 2 2 2 2 2 2]
[1 1 1 2 2 2 2 2 2 2 2 2 2 2 2 2 2 2 2 2 2]
[1 1 1 2 2 2 2 2 2 2 2 2 2 2 2 2 2 2 2 2 2]
[1 1 1 2 2 2 2 2 2 2 2 2 2 2 2 2 2 2 2 2 2]
[1 1 1 2 2 2 2 2 2 2 2 2 2 2 2 2 2 2 2 2 2]
[1 1 1 2 2 2 2 2 2 2 2 2 2 2 2 2 2 2 2 2 2]
[1 1 1 2 2 2 2 2 2 2 2 2 2 2 2 2 2 2 2 2 2]
[1 1 1 2 2 2 2 2 2 2 2 2 2 2 2 2 2 2 2 2 2]
[1 1 1 2 2 2 2 2 2 2 2 2 2 2 2 2 2 2 2 2 2]
[1 1 1 2 2 2 2 2 2 2 2 2 2 2 2 2 2 2 2 2 2]
[1 1 1 2 2 2 2 2 2 2 2 2 2 2 2 2 2 2 2 2 2]
[1 1 1 2 2 2 2 2 2 2 2 2 2 2 2 2 2 2 2 2 2]
[1 1 1 2 2 2 2 2 2 2 2 2 2 2 2 2 2 2 2 2 2]
[1 1 1 2 2 2 2 2 2 2 2 2 2 2 2 2 2 2 2 2 2]
[1 1 2 2 2 2 2 2 2 2 2 2 2 2 2 2 2 2 2 2 2]
[1 1 2 2 2 2 2 2 2 2 2 2 2 2 2 2 2 2 2 2 2]
[1 1 1 2 2 2 2 2 2 2 2 2 2 2 2 2 2 2 2 2 2]"
19.66778200334391,2.5250928972486286,2.5297312607034863,4,3,0.686961100140269,0.584352338391873,0.603965026097094,0.605379919790944,"[0 0 0 0 2 2 2 2 2 2 2 2 2 2 2 2 2 2 2 2 2]
[0 0 0 0 2 2 2 2 2 2 2 2 2 2 2 2 2 2 2 2 2]
[0 0 0 2 2 2 2 2 2 2 2 2 2 2 2 2 2 2 2 2 2]
[0 0 0 2 2 2 2 2 2 2 2 2 2 2 2 2 2 2 2 2 2]
[2 2 2 2 2 2 2 2 2 2 2 2 2 2 2 2 2 2 2 2 2]
[2 2 2 2 2 2 2 2 2 2 2 2 2 2 2 2 2 2 2 2 2]
[2 2 2 2 2 2 2 2 2 2 2 2 2 2 2 2 2 2 2 2 2]
[2 2 2 2 2 2 2 2 2 2 2 2 2 2 2 2 2 2 2 2 2]
[2 2 2 2 2 2 2 2 2 2 2 2 2 2 2 2 2 2 2 2 2]
[2 2 2 2 2 2 2 2 2 2 2 2 2 2 2 2 2 2 2 2 2]
[2 2 2 2 2 2 2 2 2 2 2 2 2 2 2 2 2 2 2 2 2]
[2 2 2 2 2 2 2 2 2 2 2 2 2 2 2 2 2 2 2 2 2]
[2 2 2 2 2 2 2 2 2 2 2 2 2 2 2 2 2 2 2 2 2]
[2 2 2 2 2 2 2 2 2 2 2 2 2 2 2 2 2 2 2 2 2]
[2 2 2 2 2 2 2 2 2 2 2 2 2 2 2 2 2 2 2 2 2]
[2 2 2 2 2 2 2 2 2 2 2 2 2 2 2 2 2 2 2 2 2]
[2 2 2 2 2 2 2 2 2 2 2 2 2 2 2 2 2 2 2 2 2]
[2 2 2 2 2 2 2 2 2 2 2 2 2 2 2 2 2 2 2 2 2]
[2 2 2 2 2 2 2 2 2 2 2 2 2 2 2 2 2 2 2 2 2]
[2 2 2 2 2 2 2 2 2 2 2 2 2 2 2 2 2 2 2 2 2]
[1 1 2 2 2 2 2 2 2 2 2 2 2 2 2 2 2 2 2 2 2]"
18.663013439667612,3.281254875261277,2.3115861581103303,4,3,0.718700944827313,0.771504977430162,0.618007599317165,0.599987680009093,"[0 0 0 0 0 2 2 2 2 2 2 2 2 2 2 2 2 2 2 2 2]
[0 0 0 0 2 2 2 2 2 2 2 2 2 2 2 2 2 2 2 2 2]
[0 0 0 2 2 2 2 2 2 2 2 2 2 2 2 2 2 2 2 2 2]
[0 0 0 2 2 2 2 2 2 2 2 2 2 2 2 2 2 2 2 2 2]
[2 2 2 2 2 2 2 2 2 2 2 2 2 2 2 2 2 2 2 2 2]
[2 2 2 2 2 2 2 2 2 2 2 2 2 2 2 2 2 2 2 2 2]
[2 2 2 2 2 2 2 2 2 2 2 2 2 2 2 2 2 2 2 2 2]
[2 2 2 2 2 2 2 2 2 2 2 2 2 2 2 2 2 2 2 2 2]
[2 2 2 2 2 2 2 2 2 2 2 2 2 2 2 2 2 2 2 2 2]
[2 2 2 2 2 2 2 2 2 2 2 2 2 2 2 2 2 2 2 2 2]
[2 2 2 2 2 2 2 2 2 2 2 2 2 2 2 2 2 2 2 2 2]
[2 2 2 2 2 2 2 2 2 2 2 2 2 2 2 2 2 2 2 2 2]
[2 2 2 2 2 2 2 2 2 2 2 2 2 2 2 2 2 2 2 2 2]
[2 2 2 2 2 2 2 2 2 2 2 2 2 2 2 2 2 2 2 2 2]
[2 2 2 2 2 2 2 2 2 2 2 2 2 2 2 2 2 2 2 2 2]
[2 2 2 2 2 2 2 2 2 2 2 2 2 2 2 2 2 2 2 2 2]
[2 2 2 2 2 2 2 2 2 2 2 2 2 2 2 2 2 2 2 2 2]
[2 2 2 2 2 2 2 2 2 2 2 2 2 2 2 2 2 2 2 2 2]
[2 2 2 2 2 2 2 2 2 2 2 2 2 2 2 2 2 2 2 2 2]
[2 2 2 2 2 2 2 2 2 2 2 2 2 2 2 2 2 2 2 2 2]
[2 2 2 2 2 2 2 2 2 2 2 2 2 2 2 2 2 2 2 2 2]"
17.019843803711062,2.4358119662804816,3.0669410933326557,4,2,0.751916030485467,0.705185823229788,0.663529886175196,0.685088398721444,"[0 0 0 0 2 2 2 2 2 2 2 2 2 2 2 2 2 2 2 2 2]
[0 0 0 2 2 2 2 2 2 2 2 2 2 2 2 2 2 2 2 2 2]
[0 0 0 2 2 2 2 2 2 2 2 2 2 2 2 2 2 2 2 2 2]
[0 0 2 2 2 2 2 2 2 2 2 2 2 2 2 2 2 2 2 2 2]
[2 2 2 2 2 2 2 2 2 2 2 2 2 2 2 2 2 2 2 2 2]
[2 2 2 2 2 2 2 2 2 2 2 2 2 2 2 2 2 2 2 2 2]
[2 2 2 2 2 2 2 2 2 2 2 2 2 2 2 2 2 2 2 2 2]
[2 2 2 2 2 2 2 2 2 2 2 2 2 2 2 2 2 2 2 2 2]
[2 2 2 2 2 2 2 2 2 2 2 2 2 2 2 2 2 2 2 2 2]
[2 2 2 2 2 2 2 2 2 2 2 2 2 2 2 2 2 2 2 2 2]
[2 2 2 2 2 2 2 2 2 2 2 2 2 2 2 2 2 2 2 2 2]
[2 2 2 2 2 2 2 2 2 2 2 2 2 2 2 2 2 2 2 2 2]
[2 2 2 2 2 2 2 2 2 2 2 2 2 2 2 2 2 2 2 2 2]
[2 2 2 2 2 2 2 2 2 2 2 2 2 2 2 2 2 2 2 2 2]
[2 2 2 2 2 2 2 2 2 2 2 2 2 2 2 2 2 2 2 2 2]
[2 2 2 2 2 2 2 2 2 2 2 2 2 2 2 2 2 2 2 2 2]
[2 2 2 2 2 2 2 2 2 2 2 2 2 2 2 2 2 2 2 2 2]
[2 2 2 2 2 2 2 2 2 2 2 2 2 2 2 2 2 2 2 2 2]
[2 2 2 2 2 2 2 2 2 2 2 2 2 2 2 2 2 2 2 2 2]
[2 2 2 2 2 2 2 2 2 2 2 2 2 2 2 2 2 2 2 2 2]
[1 2 2 2 2 2 2 2 2 2 2 2 2 2 2 2 2 2 2 2 2]"
17.394680264708175,3.960383085863997,4.47839662842249,4,3,0.527278951604992,0.769414892471995,0.309778632322458,0.299706516838644,"[0 0 0 0 0 0 0 2 2 2 2 2 2 2 2 2 2 2 2 2 2]
[0 0 0 0 0 0 0 2 2 2 2 2 2 2 2 2 2 2 2 2 2]
[0 0 0 0 0 0 2 2 2 2 2 2 2 2 2 2 2 2 2 2 2]
[0 0 0 0 0 2 2 2 2 2 2 2 2 2 2 2 2 2 2 2 2]
[1 1 1 2 2 2 2 2 2 2 2 2 2 2 2 2 2 2 2 2 2]
[1 1 1 2 2 2 2 2 2 2 2 2 2 2 2 2 2 2 2 2 2]
[1 1 2 2 2 2 2 2 2 2 2 2 2 2 2 2 2 2 2 2 2]
[1 1 2 2 2 2 2 2 2 2 2 2 2 2 2 2 2 2 2 2 2]
[1 1 2 2 2 2 2 2 2 2 2 2 2 2 2 2 2 2 2 2 2]
[1 1 2 2 2 2 2 2 2 2 2 2 2 2 2 2 2 2 2 2 2]
[1 1 2 2 2 2 2 2 2 2 2 2 2 2 2 2 2 2 2 2 2]
[1 1 2 2 2 2 2 2 2 2 2 2 2 2 2 2 2 2 2 2 2]
[1 1 2 2 2 2 2 2 2 2 2 2 2 2 2 2 2 2 2 2 2]
[1 1 2 2 2 2 2 2 2 2 2 2 2 2 2 2 2 2 2 2 2]
[1 1 2 2 2 2 2 2 2 2 2 2 2 2 2 2 2 2 2 2 2]
[1 1 2 2 2 2 2 2 2 2 2 2 2 2 2 2 2 2 2 2 2]
[1 2 2 2 2 2 2 2 2 2 2 2 2 2 2 2 2 2 2 2 2]
[1 2 2 2 2 2 2 2 2 2 2 2 2 2 2 2 2 2 2 2 2]
[1 2 2 2 2 2 2 2 2 2 2 2 2 2 2 2 2 2 2 2 2]
[1 2 2 2 2 2 2 2 2 2 2 2 2 2 2 2 2 2 2 2 2]
[1 1 1 2 2 2 2 2 2 2 2 2 2 2 2 2 2 2 2 2 2]"
22.93347000174311,4.1790732567771105,2.667261295853228,3,4,0.660171809636368,0.587793657001366,0.514905217677317,0.507474086501916,"[0 0 0 0 0 0 2 2 2 2 2 2 2 2 2 2 2 2 2 2 2]
[0 0 0 0 0 0 2 2 2 2 2 2 2 2 2 2 2 2 2 2 2]
[0 0 0 0 0 2 2 2 2 2 2 2 2 2 2 2 2 2 2 2 2]
[1 2 2 2 2 2 2 2 2 2 2 2 2 2 2 2 2 2 2 2 2]
[1 2 2 2 2 2 2 2 2 2 2 2 2 2 2 2 2 2 2 2 2]
[1 2 2 2 2 2 2 2 2 2 2 2 2 2 2 2 2 2 2 2 2]
[1 2 2 2 2 2 2 2 2 2 2 2 2 2 2 2 2 2 2 2 2]
[2 2 2 2 2 2 2 2 2 2 2 2 2 2 2 2 2 2 2 2 2]
[2 2 2 2 2 2 2 2 2 2 2 2 2 2 2 2 2 2 2 2 2]
[2 2 2 2 2 2 2 2 2 2 2 2 2 2 2 2 2 2 2 2 2]
[2 2 2 2 2 2 2 2 2 2 2 2 2 2 2 2 2 2 2 2 2]
[2 2 2 2 2 2 2 2 2 2 2 2 2 2 2 2 2 2 2 2 2]
[2 2 2 2 2 2 2 2 2 2 2 2 2 2 2 2 2 2 2 2 2]
[2 2 2 2 2 2 2 2 2 2 2 2 2 2 2 2 2 2 2 2 2]
[2 2 2 2 2 2 2 2 2 2 2 2 2 2 2 2 2 2 2 2 2]
[2 2 2 2 2 2 2 2 2 2 2 2 2 2 2 2 2 2 2 2 2]
[2 2 2 2 2 2 2 2 2 2 2 2 2 2 2 2 2 2 2 2 2]
[2 2 2 2 2 2 2 2 2 2 2 2 2 2 2 2 2 2 2 2 2]
[2 2 2 2 2 2 2 2 2 2 2 2 2 2 2 2 2 2 2 2 2]
[2 2 2 2 2 2 2 2 2 2 2 2 2 2 2 2 2 2 2 2 2]
[1 1 1 2 2 2 2 2 2 2 2 2 2 2 2 2 2 2 2 2 2]"
21.140037156828193,3.6153208111284547,4.225557747853408,2,4,0.622008885620336,0.579423425337936,0.417404950970893,0.394586999408710,"[0 0 0 0 0 0 0 0 0 0 2 2 2 2 2 2 2 2 2 2 2]
[0 0 0 0 0 0 0 0 0 2 2 2 2 2 2 2 2 2 2 2 2]
[1 1 1 1 2 2 2 2 2 2 2 2 2 2 2 2 2 2 2 2 2]
[1 1 1 1 2 2 2 2 2 2 2 2 2 2 2 2 2 2 2 2 2]
[1 1 1 1 2 2 2 2 2 2 2 2 2 2 2 2 2 2 2 2 2]
[1 1 1 1 2 2 2 2 2 2 2 2 2 2 2 2 2 2 2 2 2]
[1 1 1 1 2 2 2 2 2 2 2 2 2 2 2 2 2 2 2 2 2]
[1 1 1 1 2 2 2 2 2 2 2 2 2 2 2 2 2 2 2 2 2]
[1 1 1 1 2 2 2 2 2 2 2 2 2 2 2 2 2 2 2 2 2]
[1 1 1 1 2 2 2 2 2 2 2 2 2 2 2 2 2 2 2 2 2]
[1 1 1 1 2 2 2 2 2 2 2 2 2 2 2 2 2 2 2 2 2]
[1 1 1 1 2 2 2 2 2 2 2 2 2 2 2 2 2 2 2 2 2]
[1 1 1 1 2 2 2 2 2 2 2 2 2 2 2 2 2 2 2 2 2]
[1 1 1 1 2 2 2 2 2 2 2 2 2 2 2 2 2 2 2 2 2]
[1 1 1 1 2 2 2 2 2 2 2 2 2 2 2 2 2 2 2 2 2]
[1 1 1 1 2 2 2 2 2 2 2 2 2 2 2 2 2 2 2 2 2]
[1 1 1 1 2 2 2 2 2 2 2 2 2 2 2 2 2 2 2 2 2]
[1 1 1 1 2 2 2 2 2 2 2 2 2 2 2 2 2 2 2 2 2]
[1 1 1 1 2 2 2 2 2 2 2 2 2 2 2 2 2 2 2 2 2]
[1 1 1 1 2 2 2 2 2 2 2 2 2 2 2 2 2 2 2 2 2]
[1 1 1 1 2 2 2 2 2 2 2 2 2 2 2 2 2 2 2 2 2]"
14.451387642835565,3.820686173659008,4.379072569251852,4,2,0.551794863906900,0.674092133914636,0.343278594761331,0.350517614484771,"[0 0 0 0 0 2 2 2 2 2 2 2 2 2 2 2 2 2 2 2 2]
[0 0 0 0 2 2 2 2 2 2 2 2 2 2 2 2 2 2 2 2 2]
[0 0 0 2 2 2 2 2 2 2 2 2 2 2 2 2 2 2 2 2 2]
[0 0 0 2 2 2 2 2 2 2 2 2 2 2 2 2 2 2 2 2 2]
[1 2 2 2 2 2 2 2 2 2 2 2 2 2 2 2 2 2 2 2 2]
[1 2 2 2 2 2 2 2 2 2 2 2 2 2 2 2 2 2 2 2 2]
[2 2 2 2 2 2 2 2 2 2 2 2 2 2 2 2 2 2 2 2 2]
[2 2 2 2 2 2 2 2 2 2 2 2 2 2 2 2 2 2 2 2 2]
[2 2 2 2 2 2 2 2 2 2 2 2 2 2 2 2 2 2 2 2 2]
[2 2 2 2 2 2 2 2 2 2 2 2 2 2 2 2 2 2 2 2 2]
[2 2 2 2 2 2 2 2 2 2 2 2 2 2 2 2 2 2 2 2 2]
[2 2 2 2 2 2 2 2 2 2 2 2 2 2 2 2 2 2 2 2 2]
[2 2 2 2 2 2 2 2 2 2 2 2 2 2 2 2 2 2 2 2 2]
[2 2 2 2 2 2 2 2 2 2 2 2 2 2 2 2 2 2 2 2 2]
[2 2 2 2 2 2 2 2 2 2 2 2 2 2 2 2 2 2 2 2 2]
[2 2 2 2 2 2 2 2 2 2 2 2 2 2 2 2 2 2 2 2 2]
[2 2 2 2 2 2 2 2 2 2 2 2 2 2 2 2 2 2 2 2 2]
[2 2 2 2 2 2 2 2 2 2 2 2 2 2 2 2 2 2 2 2 2]
[2 2 2 2 2 2 2 2 2 2 2 2 2 2 2 2 2 2 2 2 2]
[2 2 2 2 2 2 2 2 2 2 2 2 2 2 2 2 2 2 2 2 2]
[1 1 2 2 2 2 2 2 2 2 2 2 2 2 2 2 2 2 2 2 2]"
12.85415864688699,4.811670954554294,4.502753709260967,2,3,0.782832183191914,0.687622570547652,0.295837174646151,0.292164922948414,"[0 0 0 0 0 0 0 0 0 0 2 2 2 2 2 2 2 2 2 2 2]
[0 0 0 0 0 0 0 0 0 2 2 2 2 2 2 2 2 2 2 2 2]
[1 1 0 0 0 0 2 2 2 2 2 2 2 2 2 2 2 2 2 2 2]
[1 1 1 2 2 2 2 2 2 2 2 2 2 2 2 2 2 2 2 2 2]
[1 1 1 2 2 2 2 2 2 2 2 2 2 2 2 2 2 2 2 2 2]
[1 1 1 2 2 2 2 2 2 2 2 2 2 2 2 2 2 2 2 2 2]
[1 1 1 2 2 2 2 2 2 2 2 2 2 2 2 2 2 2 2 2 2]
[1 1 1 2 2 2 2 2 2 2 2 2 2 2 2 2 2 2 2 2 2]
[1 1 1 2 2 2 2 2 2 2 2 2 2 2 2 2 2 2 2 2 2]
[1 1 1 2 2 2 2 2 2 2 2 2 2 2 2 2 2 2 2 2 2]
[1 1 1 2 2 2 2 2 2 2 2 2 2 2 2 2 2 2 2 2 2]
[1 1 1 2 2 2 2 2 2 2 2 2 2 2 2 2 2 2 2 2 2]
[1 1 1 2 2 2 2 2 2 2 2 2 2 2 2 2 2 2 2 2 2]
[1 1 1 2 2 2 2 2 2 2 2 2 2 2 2 2 2 2 2 2 2]
[1 1 1 2 2 2 2 2 2 2 2 2 2 2 2 2 2 2 2 2 2]
[1 1 1 2 2 2 2 2 2 2 2 2 2 2 2 2 2 2 2 2 2]
[1 1 1 2 2 2 2 2 2 2 2 2 2 2 2 2 2 2 2 2 2]
[1 1 1 2 2 2 2 2 2 2 2 2 2 2 2 2 2 2 2 2 2]
[1 1 1 2 2 2 2 2 2 2 2 2 2 2 2 2 2 2 2 2 2]
[1 1 1 2 2 2 2 2 2 2 2 2 2 2 2 2 2 2 2 2 2]
[1 1 1 2 2 2 2 2 2 2 2 2 2 2 2 2 2 2 2 2 2]"
20.233392327235478,3.6102281915440777,2.019465061198513,3,2,0.784391838501853,0.716340368894694,0.805505987738973,0.785772065462252,"[0 0 0 2 2 2 2 2 2 2 2 2 2 2 2 2 2 2 2 2 2]
[0 0 2 2 2 2 2 2 2 2 2 2 2 2 2 2 2 2 2 2 2]
[0 2 2 2 2 2 2 2 2 2 2 2 2 2 2 2 2 2 2 2 2]
[2 2 2 2 2 2 2 2 2 2 2 2 2 2 2 2 2 2 2 2 2]
[2 2 2 2 2 2 2 2 2 2 2 2 2 2 2 2 2 2 2 2 2]
[2 2 2 2 2 2 2 2 2 2 2 2 2 2 2 2 2 2 2 2 2]
[2 2 2 2 2 2 2 2 2 2 2 2 2 2 2 2 2 2 2 2 2]
[2 2 2 2 2 2 2 2 2 2 2 2 2 2 2 2 2 2 2 2 2]
[2 2 2 2 2 2 2 2 2 2 2 2 2 2 2 2 2 2 2 2 2]
[2 2 2 2 2 2 2 2 2 2 2 2 2 2 2 2 2 2 2 2 2]
[2 2 2 2 2 2 2 2 2 2 2 2 2 2 2 2 2 2 2 2 2]
[2 2 2 2 2 2 2 2 2 2 2 2 2 2 2 2 2 2 2 2 2]
[2 2 2 2 2 2 2 2 2 2 2 2 2 2 2 2 2 2 2 2 2]
[2 2 2 2 2 2 2 2 2 2 2 2 2 2 2 2 2 2 2 2 2]
[2 2 2 2 2 2 2 2 2 2 2 2 2 2 2 2 2 2 2 2 2]
[2 2 2 2 2 2 2 2 2 2 2 2 2 2 2 2 2 2 2 2 2]
[2 2 2 2 2 2 2 2 2 2 2 2 2 2 2 2 2 2 2 2 2]
[2 2 2 2 2 2 2 2 2 2 2 2 2 2 2 2 2 2 2 2 2]
[2 2 2 2 2 2 2 2 2 2 2 2 2 2 2 2 2 2 2 2 2]
[2 2 2 2 2 2 2 2 2 2 2 2 2 2 2 2 2 2 2 2 2]
[2 2 2 2 2 2 2 2 2 2 2 2 2 2 2 2 2 2 2 2 2]"
13.995841025724175,3.2562616189332783,3.171250360466085,4,4,0.799250180892940,0.580170968690588,0.323809051414124,0.320679328580246,"[0 0 0 0 0 0 0 0 0 2 2 2 2 2 2 2 2 2 2 2 2]
[0 0 0 0 0 0 0 0 2 2 2 2 2 2 2 2 2 2 2 2 2]
[0 0 0 0 0 0 0 2 2 2 2 2 2 2 2 2 2 2 2 2 2]
[0 0 0 0 0 0 0 2 2 2 2 2 2 2 2 2 2 2 2 2 2]
[1 0 0 0 2 2 2 2 2 2 2 2 2 2 2 2 2 2 2 2 2]
[1 1 2 2 2 2 2 2 2 2 2 2 2 2 2 2 2 2 2 2 2]
[1 1 2 2 2 2 2 2 2 2 2 2 2 2 2 2 2 2 2 2 2]
[1 1 2 2 2 2 2 2 2 2 2 2 2 2 2 2 2 2 2 2 2]
[1 1 2 2 2 2 2 2 2 2 2 2 2 2 2 2 2 2 2 2 2]
[1 1 2 2 2 2 2 2 2 2 2 2 2 2 2 2 2 2 2 2 2]
[1 2 2 2 2 2 2 2 2 2 2 2 2 2 2 2 2 2 2 2 2]
[1 2 2 2 2 2 2 2 2 2 2 2 2 2 2 2 2 2 2 2 2]
[1 2 2 2 2 2 2 2 2 2 2 2 2 2 2 2 2 2 2 2 2]
[1 2 2 2 2 2 2 2 2 2 2 2 2 2 2 2 2 2 2 2 2]
[1 2 2 2 2 2 2 2 2 2 2 2 2 2 2 2 2 2 2 2 2]
[1 2 2 2 2 2 2 2 2 2 2 2 2 2 2 2 2 2 2 2 2]
[1 2 2 2 2 2 2 2 2 2 2 2 2 2 2 2 2 2 2 2 2]
[2 2 2 2 2 2 2 2 2 2 2 2 2 2 2 2 2 2 2 2 2]
[2 2 2 2 2 2 2 2 2 2 2 2 2 2 2 2 2 2 2 2 2]
[2 2 2 2 2 2 2 2 2 2 2 2 2 2 2 2 2 2 2 2 2]
[1 1 1 1 2 2 2 2 2 2 2 2 2 2 2 2 2 2 2 2 2]"
29.91527523846532,4.297664728086158,2.325223024740831,3,2,0.587120270526514,0.600467069796392,0.712386968456579,0.700519973216780,"[0 0 2 2 2 2 2 2 2 2 2 2 2 2 2 2 2 2 2 2 2]
[0 0 2 2 2 2 2 2 2 2 2 2 2 2 2 2 2 2 2 2 2]
[0 2 2 2 2 2 2 2 2 2 2 2 2 2 2 2 2 2 2 2 2]
[2 2 2 2 2 2 2 2 2 2 2 2 2 2 2 2 2 2 2 2 2]
[2 2 2 2 2 2 2 2 2 2 2 2 2 2 2 2 2 2 2 2 2]
[2 2 2 2 2 2 2 2 2 2 2 2 2 2 2 2 2 2 2 2 2]
[2 2 2 2 2 2 2 2 2 2 2 2 2 2 2 2 2 2 2 2 2]
[2 2 2 2 2 2 2 2 2 2 2 2 2 2 2 2 2 2 2 2 2]
[2 2 2 2 2 2 2 2 2 2 2 2 2 2 2 2 2 2 2 2 2]
[2 2 2 2 2 2 2 2 2 2 2 2 2 2 2 2 2 2 2 2 2]
[2 2 2 2 2 2 2 2 2 2 2 2 2 2 2 2 2 2 2 2 2]
[2 2 2 2 2 2 2 2 2 2 2 2 2 2 2 2 2 2 2 2 2]
[2 2 2 2 2 2 2 2 2 2 2 2 2 2 2 2 2 2 2 2 2]
[2 2 2 2 2 2 2 2 2 2 2 2 2 2 2 2 2 2 2 2 2]
[2 2 2 2 2 2 2 2 2 2 2 2 2 2 2 2 2 2 2 2 2]
[2 2 2 2 2 2 2 2 2 2 2 2 2 2 2 2 2 2 2 2 2]
[2 2 2 2 2 2 2 2 2 2 2 2 2 2 2 2 2 2 2 2 2]
[2 2 2 2 2 2 2 2 2 2 2 2 2 2 2 2 2 2 2 2 2]
[2 2 2 2 2 2 2 2 2 2 2 2 2 2 2 2 2 2 2 2 2]
[2 2 2 2 2 2 2 2 2 2 2 2 2 2 2 2 2 2 2 2 2]
[2 2 2 2 2 2 2 2 2 2 2 2 2 2 2 2 2 2 2 2 2]"
26.904223487470208,4.916110266484427,4.210675199996544,2,4,0.644473591850614,0.521297841837738,0.450181506063575,0.459901504800237,"[0 0 0 0 0 0 0 0 0 0 2 2 2 2 2 2 2 2 2 2 2]
[0 0 0 0 0 0 0 0 0 2 2 2 2 2 2 2 2 2 2 2 2]
[1 1 1 1 2 2 2 2 2 2 2 2 2 2 2 2 2 2 2 2 2]
[1 1 1 1 2 2 2 2 2 2 2 2 2 2 2 2 2 2 2 2 2]
[1 1 1 1 2 2 2 2 2 2 2 2 2 2 2 2 2 2 2 2 2]
[1 1 1 1 2 2 2 2 2 2 2 2 2 2 2 2 2 2 2 2 2]
[1 1 1 1 2 2 2 2 2 2 2 2 2 2 2 2 2 2 2 2 2]
[1 1 1 1 2 2 2 2 2 2 2 2 2 2 2 2 2 2 2 2 2]
[1 1 1 1 2 2 2 2 2 2 2 2 2 2 2 2 2 2 2 2 2]
[1 1 1 1 2 2 2 2 2 2 2 2 2 2 2 2 2 2 2 2 2]
[1 1 1 1 2 2 2 2 2 2 2 2 2 2 2 2 2 2 2 2 2]
[1 1 1 1 2 2 2 2 2 2 2 2 2 2 2 2 2 2 2 2 2]
[1 1 1 1 2 2 2 2 2 2 2 2 2 2 2 2 2 2 2 2 2]
[1 1 1 1 2 2 2 2 2 2 2 2 2 2 2 2 2 2 2 2 2]
[1 1 1 1 2 2 2 2 2 2 2 2 2 2 2 2 2 2 2 2 2]
[1 1 1 1 2 2 2 2 2 2 2 2 2 2 2 2 2 2 2 2 2]
[1 1 1 1 2 2 2 2 2 2 2 2 2 2 2 2 2 2 2 2 2]
[1 1 1 1 2 2 2 2 2 2 2 2 2 2 2 2 2 2 2 2 2]
[1 1 1 1 2 2 2 2 2 2 2 2 2 2 2 2 2 2 2 2 2]
[1 1 1 1 2 2 2 2 2 2 2 2 2 2 2 2 2 2 2 2 2]
[1 1 1 1 2 2 2 2 2 2 2 2 2 2 2 2 2 2 2 2 2]"
24.51546833615449,2.7017444142849625,2.347243448361805,3,3,0.766734282826302,0.703062605769903,0.826633591881178,0.796367994086342,"[0 0 0 0 0 2 2 2 2 2 2 2 2 2 2 2 2 2 2 2 2]
[0 0 0 0 2 2 2 2 2 2 2 2 2 2 2 2 2 2 2 2 2]
[0 0 0 2 2 2 2 2 2 2 2 2 2 2 2 2 2 2 2 2 2]
[1 2 2 2 2 2 2 2 2 2 2 2 2 2 2 2 2 2 2 2 2]
[1 2 2 2 2 2 2 2 2 2 2 2 2 2 2 2 2 2 2 2 2]
[1 2 2 2 2 2 2 2 2 2 2 2 2 2 2 2 2 2 2 2 2]
[2 2 2 2 2 2 2 2 2 2 2 2 2 2 2 2 2 2 2 2 2]
[2 2 2 2 2 2 2 2 2 2 2 2 2 2 2 2 2 2 2 2 2]
[2 2 2 2 2 2 2 2 2 2 2 2 2 2 2 2 2 2 2 2 2]
[2 2 2 2 2 2 2 2 2 2 2 2 2 2 2 2 2 2 2 2 2]
[2 2 2 2 2 2 2 2 2 2 2 2 2 2 2 2 2 2 2 2 2]
[2 2 2 2 2 2 2 2 2 2 2 2 2 2 2 2 2 2 2 2 2]
[2 2 2 2 2 2 2 2 2 2 2 2 2 2 2 2 2 2 2 2 2]
[2 2 2 2 2 2 2 2 2 2 2 2 2 2 2 2 2 2 2 2 2]
[2 2 2 2 2 2 2 2 2 2 2 2 2 2 2 2 2 2 2 2 2]
[2 2 2 2 2 2 2 2 2 2 2 2 2 2 2 2 2 2 2 2 2]
[2 2 2 2 2 2 2 2 2 2 2 2 2 2 2 2 2 2 2 2 2]
[2 2 2 2 2 2 2 2 2 2 2 2 2 2 2 2 2 2 2 2 2]
[2 2 2 2 2 2 2 2 2 2 2 2 2 2 2 2 2 2 2 2 2]
[2 2 2 2 2 2 2 2 2 2 2 2 2 2 2 2 2 2 2 2 2]
[1 1 2 2 2 2 2 2 2 2 2 2 2 2 2 2 2 2 2 2 2]"
14.157745847269524,4.995417969536751,2.787541289304081,3,2,0.745581809350514,0.773071558558377,0.504504963983255,0.495069539885865,"[0 0 0 2 2 2 2 2 2 2 2 2 2 2 2 2 2 2 2 2 2]
[0 0 0 2 2 2 2 2 2 2 2 2 2 2 2 2 2 2 2 2 2]
[0 0 2 2 2 2 2 2 2 2 2 2 2 2 2 2 2 2 2 2 2]
[2 2 2 2 2 2 2 2 2 2 2 2 2 2 2 2 2 2 2 2 2]
[2 2 2 2 2 2 2 2 2 2 2 2 2 2 2 2 2 2 2 2 2]
[2 2 2 2 2 2 2 2 2 2 2 2 2 2 2 2 2 2 2 2 2]
[2 2 2 2 2 2 2 2 2 2 2 2 2 2 2 2 2 2 2 2 2]
[2 2 2 2 2 2 2 2 2 2 2 2 2 2 2 2 2 2 2 2 2]
[2 2 2 2 2 2 2 2 2 2 2 2 2 2 2 2 2 2 2 2 2]
[2 2 2 2 2 2 2 2 2 2 2 2 2 2 2 2 2 2 2 2 2]
[2 2 2 2 2 2 2 2 2 2 2 2 2 2 2 2 2 2 2 2 2]
[2 2 2 2 2 2 2 2 2 2 2 2 2 2 2 2 2 2 2 2 2]
[2 2 2 2 2 2 2 2 2 2 2 2 2 2 2 2 2 2 2 2 2]
[2 2 2 2 2 2 2 2 2 2 2 2 2 2 2 2 2 2 2 2 2]
[2 2 2 2 2 2 2 2 2 2 2 2 2 2 2 2 2 2 2 2 2]
[2 2 2 2 2 2 2 2 2 2 2 2 2 2 2 2 2 2 2 2 2]
[2 2 2 2 2 2 2 2 2 2 2 2 2 2 2 2 2 2 2 2 2]
[2 2 2 2 2 2 2 2 2 2 2 2 2 2 2 2 2 2 2 2 2]
[2 2 2 2 2 2 2 2 2 2 2 2 2 2 2 2 2 2 2 2 2]
[2 2 2 2 2 2 2 2 2 2 2 2 2 2 2 2 2 2 2 2 2]
[2 2 2 2 2 2 2 2 2 2 2 2 2 2 2 2 2 2 2 2 2]"
16.86998321288913,3.227289850320444,4.444966604388696,2,4,0.548919612563083,0.551435407065409,0.321738679049324,0.318287794167615,"[0 0 0 0 0 0 0 0 0 0 2 2 2 2 2 2 2 2 2 2 2]
[0 0 0 0 0 0 0 0 0 2 2 2 2 2 2 2 2 2 2 2 2]
[1 1 1 1 1 2 2 2 2 2 2 2 2 2 2 2 2 2 2 2 2]
[1 1 1 1 1 2 2 2 2 2 2 2 2 2 2 2 2 2 2 2 2]
[1 1 1 1 2 2 2 2 2 2 2 2 2 2 2 2 2 2 2 2 2]
[1 1 1 1 2 2 2 2 2 2 2 2 2 2 2 2 2 2 2 2 2]
[1 1 1 1 2 2 2 2 2 2 2 2 2 2 2 2 2 2 2 2 2]
[1 1 1 1 2 2 2 2 2 2 2 2 2 2 2 2 2 2 2 2 2]
[1 1 1 1 2 2 2 2 2 2 2 2 2 2 2 2 2 2 2 2 2]
[1 1 1 1 2 2 2 2 2 2 2 2 2 2 2 2 2 2 2 2 2]
[1 1 1 1 2 2 2 2 2 2 2 2 2 2 2 2 2 2 2 2 2]
[1 1 1 1 2 2 2 2 2 2 2 2 2 2 2 2 2 2 2 2 2]
[1 1 1 1 2 2 2 2 2 2 2 2 2 2 2 2 2 2 2 2 2]
[1 1 1 1 2 2 2 2 2 2 2 2 2 2 2 2 2 2 2 2 2]
[1 1 1 1 2 2 2 2 2 2 2 2 2 2 2 2 2 2 2 2 2]
[1 1 1 1 2 2 2 2 2 2 2 2 2 2 2 2 2 2 2 2 2]
[1 1 1 1 2 2 2 2 2 2 2 2 2 2 2 2 2 2 2 2 2]
[1 1 1 1 2 2 2 2 2 2 2 2 2 2 2 2 2 2 2 2 2]
[1 1 1 1 2 2 2 2 2 2 2 2 2 2 2 2 2 2 2 2 2]
[1 1 1 1 2 2 2 2 2 2 2 2 2 2 2 2 2 2 2 2 2]
[1 1 1 1 2 2 2 2 2 2 2 2 2 2 2 2 2 2 2 2 2]"
20.04020508848115,2.9581406149686034,3.3953297483176024,4,4,0.550799185575897,0.690739151508187,0.418067843248398,0.414779243790381,"[0 0 0 0 0 0 0 0 2 2 2 2 2 2 2 2 2 2 2 2 2]
[0 0 0 0 0 0 0 2 2 2 2 2 2 2 2 2 2 2 2 2 2]
[0 1 1 0 0 0 2 2 2 2 2 2 2 2 2 2 2 2 2 2 2]
[1 1 1 0 0 0 2 2 2 2 2 2 2 2 2 2 2 2 2 2 2]
[1 1 1 1 2 2 2 2 2 2 2 2 2 2 2 2 2 2 2 2 2]
[1 1 1 1 2 2 2 2 2 2 2 2 2 2 2 2 2 2 2 2 2]
[1 1 1 2 2 2 2 2 2 2 2 2 2 2 2 2 2 2 2 2 2]
[1 1 1 2 2 2 2 2 2 2 2 2 2 2 2 2 2 2 2 2 2]
[1 1 1 2 2 2 2 2 2 2 2 2 2 2 2 2 2 2 2 2 2]
[1 1 1 2 2 2 2 2 2 2 2 2 2 2 2 2 2 2 2 2 2]
[1 1 1 2 2 2 2 2 2 2 2 2 2 2 2 2 2 2 2 2 2]
[1 1 1 2 2 2 2 2 2 2 2 2 2 2 2 2 2 2 2 2 2]
[1 1 1 2 2 2 2 2 2 2 2 2 2 2 2 2 2 2 2 2 2]
[1 1 1 2 2 2 2 2 2 2 2 2 2 2 2 2 2 2 2 2 2]
[1 1 1 2 2 2 2 2 2 2 2 2 2 2 2 2 2 2 2 2 2]
[1 1 1 2 2 2 2 2 2 2 2 2 2 2 2 2 2 2 2 2 2]
[1 1 1 2 2 2 2 2 2 2 2 2 2 2 2 2 2 2 2 2 2]
[1 1 1 2 2 2 2 2 2 2 2 2 2 2 2 2 2 2 2 2 2]
[1 1 1 2 2 2 2 2 2 2 2 2 2 2 2 2 2 2 2 2 2]
[1 1 1 2 2 2 2 2 2 2 2 2 2 2 2 2 2 2 2 2 2]
[1 1 1 1 2 2 2 2 2 2 2 2 2 2 2 2 2 2 2 2 2]"
10.852029703889476,2.376003388992043,2.0908655353050327,2,4,0.689962543328614,0.721097240148317,0.541407079130153,0.546223063335426,"[0 0 0 0 0 0 0 2 2 2 2 2 2 2 2 2 2 2 2 2 2]
[0 0 0 0 0 0 2 2 2 2 2 2 2 2 2 2 2 2 2 2 2]
[1 1 1 1 2 2 2 2 2 2 2 2 2 2 2 2 2 2 2 2 2]
[1 1 1 2 2 2 2 2 2 2 2 2 2 2 2 2 2 2 2 2 2]
[1 1 1 2 2 2 2 2 2 2 2 2 2 2 2 2 2 2 2 2 2]
[1 1 1 2 2 2 2 2 2 2 2 2 2 2 2 2 2 2 2 2 2]
[1 1 1 2 2 2 2 2 2 2 2 2 2 2 2 2 2 2 2 2 2]
[1 1 1 2 2 2 2 2 2 2 2 2 2 2 2 2 2 2 2 2 2]
[1 1 1 2 2 2 2 2 2 2 2 2 2 2 2 2 2 2 2 2 2]
[1 1 1 2 2 2 2 2 2 2 2 2 2 2 2 2 2 2 2 2 2]
[1 1 1 2 2 2 2 2 2 2 2 2 2 2 2 2 2 2 2 2 2]
[1 1 1 2 2 2 2 2 2 2 2 2 2 2 2 2 2 2 2 2 2]
[1 1 1 2 2 2 2 2 2 2 2 2 2 2 2 2 2 2 2 2 2]
[1 1 1 2 2 2 2 2 2 2 2 2 2 2 2 2 2 2 2 2 2]
[1 1 1 2 2 2 2 2 2 2 2 2 2 2 2 2 2 2 2 2 2]
[1 1 1 2 2 2 2 2 2 2 2 2 2 2 2 2 2 2 2 2 2]
[1 1 1 2 2 2 2 2 2 2 2 2 2 2 2 2 2 2 2 2 2]
[1 1 1 2 2 2 2 2 2 2 2 2 2 2 2 2 2 2 2 2 2]
[1 1 1 2 2 2 2 2 2 2 2 2 2 2 2 2 2 2 2 2 2]
[1 1 1 2 2 2 2 2 2 2 2 2 2 2 2 2 2 2 2 2 2]
[1 1 1 1 2 2 2 2 2 2 2 2 2 2 2 2 2 2 2 2 2]"
10.847882949415926,4.705290558327494,2.26224885652103,3,2,0.538086183964225,0.625060066282049,0.376038273567117,0.377339759659427,"[0 0 0 2 2 2 2 2 2 2 2 2 2 2 2 2 2 2 2 2 2]
[0 0 2 2 2 2 2 2 2 2 2 2 2 2 2 2 2 2 2 2 2]
[0 2 2 2 2 2 2 2 2 2 2 2 2 2 2 2 2 2 2 2 2]
[2 2 2 2 2 2 2 2 2 2 2 2 2 2 2 2 2 2 2 2 2]
[2 2 2 2 2 2 2 2 2 2 2 2 2 2 2 2 2 2 2 2 2]
[2 2 2 2 2 2 2 2 2 2 2 2 2 2 2 2 2 2 2 2 2]
[2 2 2 2 2 2 2 2 2 2 2 2 2 2 2 2 2 2 2 2 2]
[2 2 2 2 2 2 2 2 2 2 2 2 2 2 2 2 2 2 2 2 2]
[2 2 2 2 2 2 2 2 2 2 2 2 2 2 2 2 2 2 2 2 2]
[2 2 2 2 2 2 2 2 2 2 2 2 2 2 2 2 2 2 2 2 2]
[2 2 2 2 2 2 2 2 2 2 2 2 2 2 2 2 2 2 2 2 2]
[2 2 2 2 2 2 2 2 2 2 2 2 2 2 2 2 2 2 2 2 2]
[2 2 2 2 2 2 2 2 2 2 2 2 2 2 2 2 2 2 2 2 2]
[2 2 2 2 2 2 2 2 2 2 2 2 2 2 2 2 2 2 2 2 2]
[2 2 2 2 2 2 2 2 2 2 2 2 2 2 2 2 2 2 2 2 2]
[2 2 2 2 2 2 2 2 2 2 2 2 2 2 2 2 2 2 2 2 2]
[2 2 2 2 2 2 2 2 2 2 2 2 2 2 2 2 2 2 2 2 2]
[2 2 2 2 2 2 2 2 2 2 2 2 2 2 2 2 2 2 2 2 2]
[2 2 2 2 2 2 2 2 2 2 2 2 2 2 2 2 2 2 2 2 2]
[2 2 2 2 2 2 2 2 2 2 2 2 2 2 2 2 2 2 2 2 2]
[2 2 2 2 2 2 2 2 2 2 2 2 2 2 2 2 2 2 2 2 2]"
11.011164379140407,4.879586030220146,3.08625780537386,4,4,0.670688025106901,0.511238784478701,0.176759387039991,0.166779210934173,"[0 0 0 0 0 0 0 0 2 2 2 2 2 2 2 2 2 2 2 2 2]
[0 0 0 0 0 0 0 2 2 2 2 2 2 2 2 2 2 2 2 2 2]
[0 0 0 0 0 0 2 2 2 2 2 2 2 2 2 2 2 2 2 2 2]
[0 0 0 0 0 2 2 2 2 2 2 2 2 2 2 2 2 2 2 2 2]
[0 0 0 0 2 2 2 2 2 2 2 2 2 2 2 2 2 2 2 2 2]
[0 0 2 2 2 2 2 2 2 2 2 2 2 2 2 2 2 2 2 2 2]
[2 2 2 2 2 2 2 2 2 2 2 2 2 2 2 2 2 2 2 2 2]
[2 2 2 2 2 2 2 2 2 2 2 2 2 2 2 2 2 2 2 2 2]
[2 2 2 2 2 2 2 2 2 2 2 2 2 2 2 2 2 2 2 2 2]
[2 2 2 2 2 2 2 2 2 2 2 2 2 2 2 2 2 2 2 2 2]
[2 2 2 2 2 2 2 2 2 2 2 2 2 2 2 2 2 2 2 2 2]
[2 2 2 2 2 2 2 2 2 2 2 2 2 2 2 2 2 2 2 2 2]
[2 2 2 2 2 2 2 2 2 2 2 2 2 2 2 2 2 2 2 2 2]
[2 2 2 2 2 2 2 2 2 2 2 2 2 2 2 2 2 2 2 2 2]
[2 2 2 2 2 2 2 2 2 2 2 2 2 2 2 2 2 2 2 2 2]
[2 2 2 2 2 2 2 2 2 2 2 2 2 2 2 2 2 2 2 2 2]
[2 2 2 2 2 2 2 2 2 2 2 2 2 2 2 2 2 2 2 2 2]
[2 2 2 2 2 2 2 2 2 2 2 2 2 2 2 2 2 2 2 2 2]
[2 2 2 2 2 2 2 2 2 2 2 2 2 2 2 2 2 2 2 2 2]
[2 2 2 2 2 2 2 2 2 2 2 2 2 2 2 2 2 2 2 2 2]
[1 1 1 2 2 2 2 2 2 2 2 2 2 2 2 2 2 2 2 2 2]"
14.072550010841107,3.370700198778227,4.351481694594057,2,2,0.541828419093072,0.719405406015506,0.459220582346092,0.448296560801278,"[1 1 0 0 0 2 2 2 2 2 2 2 2 2 2 2 2 2 2 2 2]
[1 1 0 0 2 2 2 2 2 2 2 2 2 2 2 2 2 2 2 2 2]
[1 1 2 2 2 2 2 2 2 2 2 2 2 2 2 2 2 2 2 2 2]
[1 1 2 2 2 2 2 2 2 2 2 2 2 2 2 2 2 2 2 2 2]
[1 1 2 2 2 2 2 2 2 2 2 2 2 2 2 2 2 2 2 2 2]
[1 1 2 2 2 2 2 2 2 2 2 2 2 2 2 2 2 2 2 2 2]
[1 1 2 2 2 2 2 2 2 2 2 2 2 2 2 2 2 2 2 2 2]
[1 1 2 2 2 2 2 2 2 2 2 2 2 2 2 2 2 2 2 2 2]
[1 1 2 2 2 2 2 2 2 2 2 2 2 2 2 2 2 2 2 2 2]
[1 1 2 2 2 2 2 2 2 2 2 2 2 2 2 2 2 2 2 2 2]
[1 1 2 2 2 2 2 2 2 2 2 2 2 2 2 2 2 2 2 2 2]
[1 1 2 2 2 2 2 2 2 2 2 2 2 2 2 2 2 2 2 2 2]
[1 1 2 2 2 2 2 2 2 2 2 2 2 2 2 2 2 2 2 2 2]
[1 1 2 2 2 2 2 2 2 2 2 2 2 2 2 2 2 2 2 2 2]
[1 1 2 2 2 2 2 2 2 2 2 2 2 2 2 2 2 2 2 2 2]
[1 1 2 2 2 2 2 2 2 2 2 2 2 2 2 2 2 2 2 2 2]
[1 1 2 2 2 2 2 2 2 2 2 2 2 2 2 2 2 2 2 2 2]
[1 1 2 2 2 2 2 2 2 2 2 2 2 2 2 2 2 2 2 2 2]
[1 2 2 2 2 2 2 2 2 2 2 2 2 2 2 2 2 2 2 2 2]
[1 2 2 2 2 2 2 2 2 2 2 2 2 2 2 2 2 2 2 2 2]
[1 1 2 2 2 2 2 2 2 2 2 2 2 2 2 2 2 2 2 2 2]"
16.835352482330403,4.9747036229735695,2.741852727147975,3,2,0.502046760122389,0.591858571879488,0.440703097544752,0.430144419616170,"[0 0 0 2 2 2 2 2 2 2 2 2 2 2 2 2 2 2 2 2 2]
[0 0 2 2 2 2 2 2 2 2 2 2 2 2 2 2 2 2 2 2 2]
[0 2 2 2 2 2 2 2 2 2 2 2 2 2 2 2 2 2 2 2 2]
[2 2 2 2 2 2 2 2 2 2 2 2 2 2 2 2 2 2 2 2 2]
[2 2 2 2 2 2 2 2 2 2 2 2 2 2 2 2 2 2 2 2 2]
[2 2 2 2 2 2 2 2 2 2 2 2 2 2 2 2 2 2 2 2 2]
[2 2 2 2 2 2 2 2 2 2 2 2 2 2 2 2 2 2 2 2 2]
[2 2 2 2 2 2 2 2 2 2 2 2 2 2 2 2 2 2 2 2 2]
[2 2 2 2 2 2 2 2 2 2 2 2 2 2 2 2 2 2 2 2 2]
[2 2 2 2 2 2 2 2 2 2 2 2 2 2 2 2 2 2 2 2 2]
[2 2 2 2 2 2 2 2 2 2 2 2 2 2 2 2 2 2 2 2 2]
[2 2 2 2 2 2 2 2 2 2 2 2 2 2 2 2 2 2 2 2 2]
[2 2 2 2 2 2 2 2 2 2 2 2 2 2 2 2 2 2 2 2 2]
[2 2 2 2 2 2 2 2 2 2 2 2 2 2 2 2 2 2 2 2 2]
[2 2 2 2 2 2 2 2 2 2 2 2 2 2 2 2 2 2 2 2 2]
[2 2 2 2 2 2 2 2 2 2 2 2 2 2 2 2 2 2 2 2 2]
[2 2 2 2 2 2 2 2 2 2 2 2 2 2 2 2 2 2 2 2 2]
[2 2 2 2 2 2 2 2 2 2 2 2 2 2 2 2 2 2 2 2 2]
[2 2 2 2 2 2 2 2 2 2 2 2 2 2 2 2 2 2 2 2 2]
[2 2 2 2 2 2 2 2 2 2 2 2 2 2 2 2 2 2 2 2 2]
[2 2 2 2 2 2 2 2 2 2 2 2 2 2 2 2 2 2 2 2 2]"
27.683014634617543,4.311281894469031,3.721777803814192,2,2,0.583034990976670,0.635260069375877,0.687680732774838,0.699047069534066,"[0 0 0 0 2 2 2 2 2 2 2 2 2 2 2 2 2 2 2 2 2]
[0 0 0 2 2 2 2 2 2 2 2 2 2 2 2 2 2 2 2 2 2]
[1 2 2 2 2 2 2 2 2 2 2 2 2 2 2 2 2 2 2 2 2]
[1 2 2 2 2 2 2 2 2 2 2 2 2 2 2 2 2 2 2 2 2]
[1 2 2 2 2 2 2 2 2 2 2 2 2 2 2 2 2 2 2 2 2]
[1 2 2 2 2 2 2 2 2 2 2 2 2 2 2 2 2 2 2 2 2]
[2 2 2 2 2 2 2 2 2 2 2 2 2 2 2 2 2 2 2 2 2]
[2 2 2 2 2 2 2 2 2 2 2 2 2 2 2 2 2 2 2 2 2]
[2 2 2 2 2 2 2 2 2 2 2 2 2 2 2 2 2 2 2 2 2]
[2 2 2 2 2 2 2 2 2 2 2 2 2 2 2 2 2 2 2 2 2]
[2 2 2 2 2 2 2 2 2 2 2 2 2 2 2 2 2 2 2 2 2]
[2 2 2 2 2 2 2 2 2 2 2 2 2 2 2 2 2 2 2 2 2]
[2 2 2 2 2 2 2 2 2 2 2 2 2 2 2 2 2 2 2 2 2]
[2 2 2 2 2 2 2 2 2 2 2 2 2 2 2 2 2 2 2 2 2]
[2 2 2 2 2 2 2 2 2 2 2 2 2 2 2 2 2 2 2 2 2]
[2 2 2 2 2 2 2 2 2 2 2 2 2 2 2 2 2 2 2 2 2]
[2 2 2 2 2 2 2 2 2 2 2 2 2 2 2 2 2 2 2 2 2]
[2 2 2 2 2 2 2 2 2 2 2 2 2 2 2 2 2 2 2 2 2]
[2 2 2 2 2 2 2 2 2 2 2 2 2 2 2 2 2 2 2 2 2]
[2 2 2 2 2 2 2 2 2 2 2 2 2 2 2 2 2 2 2 2 2]
[1 1 2 2 2 2 2 2 2 2 2 2 2 2 2 2 2 2 2 2 2]"
11.843791855542827,3.7321598700237746,2.318450745339957,3,3,0.747205260839724,0.547652746946816,0.416263375127697,0.408706999013734,"[0 0 0 0 0 2 2 2 2 2 2 2 2 2 2 2 2 2 2 2 2]
[0 0 0 0 2 2 2 2 2 2 2 2 2 2 2 2 2 2 2 2 2]
[0 0 0 2 2 2 2 2 2 2 2 2 2 2 2 2 2 2 2 2 2]
[2 2 2 2 2 2 2 2 2 2 2 2 2 2 2 2 2 2 2 2 2]
[2 2 2 2 2 2 2 2 2 2 2 2 2 2 2 2 2 2 2 2 2]
[2 2 2 2 2 2 2 2 2 2 2 2 2 2 2 2 2 2 2 2 2]
[2 2 2 2 2 2 2 2 2 2 2 2 2 2 2 2 2 2 2 2 2]
[2 2 2 2 2 2 2 2 2 2 2 2 2 2 2 2 2 2 2 2 2]
[2 2 2 2 2 2 2 2 2 2 2 2 2 2 2 2 2 2 2 2 2]
[2 2 2 2 2 2 2 2 2 2 2 2 2 2 2 2 2 2 2 2 2]
[2 2 2 2 2 2 2 2 2 2 2 2 2 2 2 2 2 2 2 2 2]
[2 2 2 2 2 2 2 2 2 2 2 2 2 2 2 2 2 2 2 2 2]
[2 2 2 2 2 2 2 2 2 2 2 2 2 2 2 2 2 2 2 2 2]
[2 2 2 2 2 2 2 2 2 2 2 2 2 2 2 2 2 2 2 2 2]
[2 2 2 2 2 2 2 2 2 2 2 2 2 2 2 2 2 2 2 2 2]
[2 2 2 2 2 2 2 2 2 2 2 2 2 2 2 2 2 2 2 2 2]
[2 2 2 2 2 2 2 2 2 2 2 2 2 2 2 2 2 2 2 2 2]
[2 2 2 2 2 2 2 2 2 2 2 2 2 2 2 2 2 2 2 2 2]
[2 2 2 2 2 2 2 2 2 2 2 2 2 2 2 2 2 2 2 2 2]
[2 2 2 2 2 2 2 2 2 2 2 2 2 2 2 2 2 2 2 2 2]
[1 2 2 2 2 2 2 2 2 2 2 2 2 2 2 2 2 2 2 2 2]"
22.36569544784296,2.1896498597031537,2.6894857086405093,2,4,0.588615083547029,0.507615736794834,0.613244670350134,0.618423596446021,"[0 0 0 0 0 0 2 2 2 2 2 2 2 2 2 2 2 2 2 2 2]
[0 0 0 0 0 2 2 2 2 2 2 2 2 2 2 2 2 2 2 2 2]
[1 1 1 1 2 2 2 2 2 2 2 2 2 2 2 2 2 2 2 2 2]
[1 1 1 2 2 2 2 2 2 2 2 2 2 2 2 2 2 2 2 2 2]
[1 1 1 2 2 2 2 2 2 2 2 2 2 2 2 2 2 2 2 2 2]
[1 1 1 2 2 2 2 2 2 2 2 2 2 2 2 2 2 2 2 2 2]
[1 1 1 2 2 2 2 2 2 2 2 2 2 2 2 2 2 2 2 2 2]
[1 1 1 2 2 2 2 2 2 2 2 2 2 2 2 2 2 2 2 2 2]
[1 1 1 2 2 2 2 2 2 2 2 2 2 2 2 2 2 2 2 2 2]
[1 1 1 2 2 2 2 2 2 2 2 2 2 2 2 2 2 2 2 2 2]
[1 1 1 2 2 2 2 2 2 2 2 2 2 2 2 2 2 2 2 2 2]
[1 1 1 2 2 2 2 2 2 2 2 2 2 2 2 2 2 2 2 2 2]
[1 1 1 2 2 2 2 2 2 2 2 2 2 2 2 2 2 2 2 2 2]
[1 1 1 2 2 2 2 2 2 2 2 2 2 2 2 2 2 2 2 2 2]
[1 1 1 2 2 2 2 2 2 2 2 2 2 2 2 2 2 2 2 2 2]
[1 1 1 2 2 2 2 2 2 2 2 2 2 2 2 2 2 2 2 2 2]
[1 1 1 2 2 2 2 2 2 2 2 2 2 2 2 2 2 2 2 2 2]
[1 1 1 2 2 2 2 2 2 2 2 2 2 2 2 2 2 2 2 2 2]
[1 1 1 2 2 2 2 2 2 2 2 2 2 2 2 2 2 2 2 2 2]
[1 1 1 2 2 2 2 2 2 2 2 2 2 2 2 2 2 2 2 2 2]
[1 1 1 1 2 2 2 2 2 2 2 2 2 2 2 2 2 2 2 2 2]"
11.220745249445441,3.747072020611897,3.4776174245504543,3,3,0.738746123370610,0.534712459919719,0.290044550320543,0.286871186264319,"[0 0 0 0 0 0 0 2 2 2 2 2 2 2 2 2 2 2 2 2 2]
[0 0 0 0 0 0 2 2 2 2 2 2 2 2 2 2 2 2 2 2 2]
[0 0 0 0 0 2 2 2 2 2 2 2 2 2 2 2 2 2 2 2 2]
[1 0 0 2 2 2 2 2 2 2 2 2 2 2 2 2 2 2 2 2 2]
[1 2 2 2 2 2 2 2 2 2 2 2 2 2 2 2 2 2 2 2 2]
[1 2 2 2 2 2 2 2 2 2 2 2 2 2 2 2 2 2 2 2 2]
[1 2 2 2 2 2 2 2 2 2 2 2 2 2 2 2 2 2 2 2 2]
[1 2 2 2 2 2 2 2 2 2 2 2 2 2 2 2 2 2 2 2 2]
[1 2 2 2 2 2 2 2 2 2 2 2 2 2 2 2 2 2 2 2 2]
[2 2 2 2 2 2 2 2 2 2 2 2 2 2 2 2 2 2 2 2 2]
[2 2 2 2 2 2 2 2 2 2 2 2 2 2 2 2 2 2 2 2 2]
[2 2 2 2 2 2 2 2 2 2 2 2 2 2 2 2 2 2 2 2 2]
[2 2 2 2 2 2 2 2 2 2 2 2 2 2 2 2 2 2 2 2 2]
[2 2 2 2 2 2 2 2 2 2 2 2 2 2 2 2 2 2 2 2 2]
[2 2 2 2 2 2 2 2 2 2 2 2 2 2 2 2 2 2 2 2 2]
[2 2 2 2 2 2 2 2 2 2 2 2 2 2 2 2 2 2 2 2 2]
[2 2 2 2 2 2 2 2 2 2 2 2 2 2 2 2 2 2 2 2 2]
[2 2 2 2 2 2 2 2 2 2 2 2 2 2 2 2 2 2 2 2 2]
[2 2 2 2 2 2 2 2 2 2 2 2 2 2 2 2 2 2 2 2 2]
[2 2 2 2 2 2 2 2 2 2 2 2 2 2 2 2 2 2 2 2 2]
[1 1 1 2 2 2 2 2 2 2 2 2 2 2 2 2 2 2 2 2 2]"
14.732009553609569,3.015747749625387,4.340412052547135,3,3,0.614034332874189,0.750673215401390,0.360731737396681,0.348951168088800,"[0 0 0 0 0 0 0 0 2 2 2 2 2 2 2 2 2 2 2 2 2]
[0 0 0 0 0 0 0 2 2 2 2 2 2 2 2 2 2 2 2 2 2]
[0 0 0 0 0 0 0 2 2 2 2 2 2 2 2 2 2 2 2 2 2]
[1 1 1 2 2 2 2 2 2 2 2 2 2 2 2 2 2 2 2 2 2]
[1 1 1 2 2 2 2 2 2 2 2 2 2 2 2 2 2 2 2 2 2]
[1 1 1 2 2 2 2 2 2 2 2 2 2 2 2 2 2 2 2 2 2]
[1 1 1 2 2 2 2 2 2 2 2 2 2 2 2 2 2 2 2 2 2]
[1 1 1 2 2 2 2 2 2 2 2 2 2 2 2 2 2 2 2 2 2]
[1 1 1 2 2 2 2 2 2 2 2 2 2 2 2 2 2 2 2 2 2]
[1 1 1 2 2 2 2 2 2 2 2 2 2 2 2 2 2 2 2 2 2]
[1 1 1 2 2 2 2 2 2 2 2 2 2 2 2 2 2 2 2 2 2]
[1 1 1 2 2 2 2 2 2 2 2 2 2 2 2 2 2 2 2 2 2]
[1 1 1 2 2 2 2 2 2 2 2 2 2 2 2 2 2 2 2 2 2]
[1 1 1 2 2 2 2 2 2 2 2 2 2 2 2 2 2 2 2 2 2]
[1 1 1 2 2 2 2 2 2 2 2 2 2 2 2 2 2 2 2 2 2]
[1 1 1 2 2 2 2 2 2 2 2 2 2 2 2 2 2 2 2 2 2]
[1 1 1 2 2 2 2 2 2 2 2 2 2 2 2 2 2 2 2 2 2]
[1 1 1 2 2 2 2 2 2 2 2 2 2 2 2 2 2 2 2 2 2]
[1 1 1 2 2 2 2 2 2 2 2 2 2 2 2 2 2 2 2 2 2]
[1 1 1 2 2 2 2 2 2 2 2 2 2 2 2 2 2 2 2 2 2]
[1 1 1 2 2 2 2 2 2 2 2 2 2 2 2 2 2 2 2 2 2]"
25.83274690871127,2.6922123353554417,4.590834859263626,4,2,0.669117996690420,0.544291039158080,0.600394954307095,0.615726876712371,"[1 0 0 0 2 2 2 2 2 2 2 2 2 2 2 2 2 2 2 2 2]
[1 0 0 0 2 2 2 2 2 2 2 2 2 2 2 2 2 2 2 2 2]
[1 0 0 2 2 2 2 2 2 2 2 2 2 2 2 2 2 2 2 2 2]
[0 0 0 2 2 2 2 2 2 2 2 2 2 2 2 2 2 2 2 2 2]
[1 2 2 2 2 2 2 2 2 2 2 2 2 2 2 2 2 2 2 2 2]
[1 2 2 2 2 2 2 2 2 2 2 2 2 2 2 2 2 2 2 2 2]
[1 2 2 2 2 2 2 2 2 2 2 2 2 2 2 2 2 2 2 2 2]
[1 2 2 2 2 2 2 2 2 2 2 2 2 2 2 2 2 2 2 2 2]
[2 2 2 2 2 2 2 2 2 2 2 2 2 2 2 2 2 2 2 2 2]
[2 2 2 2 2 2 2 2 2 2 2 2 2 2 2 2 2 2 2 2 2]
[2 2 2 2 2 2 2 2 2 2 2 2 2 2 2 2 2 2 2 2 2]
[2 2 2 2 2 2 2 2 2 2 2 2 2 2 2 2 2 2 2 2 2]
[2 2 2 2 2 2 2 2 2 2 2 2 2 2 2 2 2 2 2 2 2]
[2 2 2 2 2 2 2 2 2 2 2 2 2 2 2 2 2 2 2 2 2]
[2 2 2 2 2 2 2 2 2 2 2 2 2 2 2 2 2 2 2 2 2]
[2 2 2 2 2 2 2 2 2 2 2 2 2 2 2 2 2 2 2 2 2]
[2 2 2 2 2 2 2 2 2 2 2 2 2 2 2 2 2 2 2 2 2]
[2 2 2 2 2 2 2 2 2 2 2 2 2 2 2 2 2 2 2 2 2]
[2 2 2 2 2 2 2 2 2 2 2 2 2 2 2 2 2 2 2 2 2]
[2 2 2 2 2 2 2 2 2 2 2 2 2 2 2 2 2 2 2 2 2]
[1 1 2 2 2 2 2 2 2 2 2 2 2 2 2 2 2 2 2 2 2]"
26.19133958486682,4.971461714653519,3.9802121224449234,3,4,0.568552480285409,0.574417281274315,0.388469590664277,0.388310559523932,"[0 0 0 0 0 0 0 0 2 2 2 2 2 2 2 2 2 2 2 2 2]
[0 0 0 0 0 0 0 2 2 2 2 2 2 2 2 2 2 2 2 2 2]
[0 0 0 0 0 0 0 2 2 2 2 2 2 2 2 2 2 2 2 2 2]
[1 1 1 2 2 2 2 2 2 2 2 2 2 2 2 2 2 2 2 2 2]
[1 1 1 2 2 2 2 2 2 2 2 2 2 2 2 2 2 2 2 2 2]
[1 1 1 2 2 2 2 2 2 2 2 2 2 2 2 2 2 2 2 2 2]
[1 1 1 2 2 2 2 2 2 2 2 2 2 2 2 2 2 2 2 2 2]
[1 1 1 2 2 2 2 2 2 2 2 2 2 2 2 2 2 2 2 2 2]
[1 1 1 2 2 2 2 2 2 2 2 2 2 2 2 2 2 2 2 2 2]
[1 1 1 2 2 2 2 2 2 2 2 2 2 2 2 2 2 2 2 2 2]
[1 1 1 2 2 2 2 2 2 2 2 2 2 2 2 2 2 2 2 2 2]
[1 1 1 2 2 2 2 2 2 2 2 2 2 2 2 2 2 2 2 2 2]
[1 1 2 2 2 2 2 2 2 2 2 2 2 2 2 2 2 2 2 2 2]
[1 1 2 2 2 2 2 2 2 2 2 2 2 2 2 2 2 2 2 2 2]
[1 1 2 2 2 2 2 2 2 2 2 2 2 2 2 2 2 2 2 2 2]
[1 1 2 2 2 2 2 2 2 2 2 2 2 2 2 2 2 2 2 2 2]
[1 1 2 2 2 2 2 2 2 2 2 2 2 2 2 2 2 2 2 2 2]
[1 1 2 2 2 2 2 2 2 2 2 2 2 2 2 2 2 2 2 2 2]
[1 1 2 2 2 2 2 2 2 2 2 2 2 2 2 2 2 2 2 2 2]
[1 1 2 2 2 2 2 2 2 2 2 2 2 2 2 2 2 2 2 2 2]
[1 1 1 1 2 2 2 2 2 2 2 2 2 2 2 2 2 2 2 2 2]"
23.765617082945603,3.0935556066583025,2.3447200698381936,4,2,0.668681772859699,0.745347952619328,0.769970423236355,0.774111345776506,"[0 0 0 2 2 2 2 2 2 2 2 2 2 2 2 2 2 2 2 2 2]
[0 0 2 2 2 2 2 2 2 2 2 2 2 2 2 2 2 2 2 2 2]
[0 0 2 2 2 2 2 2 2 2 2 2 2 2 2 2 2 2 2 2 2]
[0 2 2 2 2 2 2 2 2 2 2 2 2 2 2 2 2 2 2 2 2]
[2 2 2 2 2 2 2 2 2 2 2 2 2 2 2 2 2 2 2 2 2]
[2 2 2 2 2 2 2 2 2 2 2 2 2 2 2 2 2 2 2 2 2]
[2 2 2 2 2 2 2 2 2 2 2 2 2 2 2 2 2 2 2 2 2]
[2 2 2 2 2 2 2 2 2 2 2 2 2 2 2 2 2 2 2 2 2]
[2 2 2 2 2 2 2 2 2 2 2 2 2 2 2 2 2 2 2 2 2]
[2 2 2 2 2 2 2 2 2 2 2 2 2 2 2 2 2 2 2 2 2]
[2 2 2 2 2 2 2 2 2 2 2 2 2 2 2 2 2 2 2 2 2]
[2 2 2 2 2 2 2 2 2 2 2 2 2 2 2 2 2 2 2 2 2]
[2 2 2 2 2 2 2 2 2 2 2 2 2 2 2 2 2 2 2 2 2]
[2 2 2 2 2 2 2 2 2 2 2 2 2 2 2 2 2 2 2 2 2]
[2 2 2 2 2 2 2 2 2 2 2 2 2 2 2 2 2 2 2 2 2]
[2 2 2 2 2 2 2 2 2 2 2 2 2 2 2 2 2 2 2 2 2]
[2 2 2 2 2 2 2 2 2 2 2 2 2 2 2 2 2 2 2 2 2]
[2 2 2 2 2 2 2 2 2 2 2 2 2 2 2 2 2 2 2 2 2]
[2 2 2 2 2 2 2 2 2 2 2 2 2 2 2 2 2 2 2 2 2]
[2 2 2 2 2 2 2 2 2 2 2 2 2 2 2 2 2 2 2 2 2]
[2 2 2 2 2 2 2 2 2 2 2 2 2 2 2 2 2 2 2 2 2]"
19.56703444197317,3.638173584638812,2.0362561432305157,2,4,0.648076324323463,0.782101291179139,0.697299226394820,0.684361023390898,"[0 0 0 0 0 0 2 2 2 2 2 2 2 2 2 2 2 2 2 2 2]
[0 0 0 0 0 2 2 2 2 2 2 2 2 2 2 2 2 2 2 2 2]
[1 1 1 2 2 2 2 2 2 2 2 2 2 2 2 2 2 2 2 2 2]
[1 1 1 2 2 2 2 2 2 2 2 2 2 2 2 2 2 2 2 2 2]
[1 1 2 2 2 2 2 2 2 2 2 2 2 2 2 2 2 2 2 2 2]
[1 1 2 2 2 2 2 2 2 2 2 2 2 2 2 2 2 2 2 2 2]
[1 1 2 2 2 2 2 2 2 2 2 2 2 2 2 2 2 2 2 2 2]
[1 1 2 2 2 2 2 2 2 2 2 2 2 2 2 2 2 2 2 2 2]
[1 1 2 2 2 2 2 2 2 2 2 2 2 2 2 2 2 2 2 2 2]
[1 1 2 2 2 2 2 2 2 2 2 2 2 2 2 2 2 2 2 2 2]
[1 2 2 2 2 2 2 2 2 2 2 2 2 2 2 2 2 2 2 2 2]
[1 2 2 2 2 2 2 2 2 2 2 2 2 2 2 2 2 2 2 2 2]
[1 2 2 2 2 2 2 2 2 2 2 2 2 2 2 2 2 2 2 2 2]
[1 2 2 2 2 2 2 2 2 2 2 2 2 2 2 2 2 2 2 2 2]
[1 2 2 2 2 2 2 2 2 2 2 2 2 2 2 2 2 2 2 2 2]
[1 2 2 2 2 2 2 2 2 2 2 2 2 2 2 2 2 2 2 2 2]
[1 2 2 2 2 2 2 2 2 2 2 2 2 2 2 2 2 2 2 2 2]
[1 2 2 2 2 2 2 2 2 2 2 2 2 2 2 2 2 2 2 2 2]
[1 2 2 2 2 2 2 2 2 2 2 2 2 2 2 2 2 2 2 2 2]
[2 2 2 2 2 2 2 2 2 2 2 2 2 2 2 2 2 2 2 2 2]
[1 1 1 2 2 2 2 2 2 2 2 2 2 2 2 2 2 2 2 2 2]"
20.992114493328195,2.9579585219118463,4.846097821898873,3,2,0.748194529991008,0.799449085611739,0.646378256841590,0.674911931397777,"[1 1 0 0 0 2 2 2 2 2 2 2 2 2 2 2 2 2 2 2 2]
[1 1 0 0 0 2 2 2 2 2 2 2 2 2 2 2 2 2 2 2 2]
[1 0 0 0 2 2 2 2 2 2 2 2 2 2 2 2 2 2 2 2 2]
[1 1 2 2 2 2 2 2 2 2 2 2 2 2 2 2 2 2 2 2 2]
[1 1 2 2 2 2 2 2 2 2 2 2 2 2 2 2 2 2 2 2 2]
[1 1 2 2 2 2 2 2 2 2 2 2 2 2 2 2 2 2 2 2 2]
[1 1 2 2 2 2 2 2 2 2 2 2 2 2 2 2 2 2 2 2 2]
[1 1 2 2 2 2 2 2 2 2 2 2 2 2 2 2 2 2 2 2 2]
[1 1 2 2 2 2 2 2 2 2 2 2 2 2 2 2 2 2 2 2 2]
[1 1 2 2 2 2 2 2 2 2 2 2 2 2 2 2 2 2 2 2 2]
[1 1 2 2 2 2 2 2 2 2 2 2 2 2 2 2 2 2 2 2 2]
[1 1 2 2 2 2 2 2 2 2 2 2 2 2 2 2 2 2 2 2 2]
[1 1 2 2 2 2 2 2 2 2 2 2 2 2 2 2 2 2 2 2 2]
[1 2 2 2 2 2 2 2 2 2 2 2 2 2 2 2 2 2 2 2 2]
[1 2 2 2 2 2 2 2 2 2 2 2 2 2 2 2 2 2 2 2 2]
[1 2 2 2 2 2 2 2 2 2 2 2 2 2 2 2 2 2 2 2 2]
[1 2 2 2 2 2 2 2 2 2 2 2 2 2 2 2 2 2 2 2 2]
[1 2 2 2 2 2 2 2 2 2 2 2 2 2 2 2 2 2 2 2 2]
[1 2 2 2 2 2 2 2 2 2 2 2 2 2 2 2 2 2 2 2 2]
[1 2 2 2 2 2 2 2 2 2 2 2 2 2 2 2 2 2 2 2 2]
[1 1 2 2 2 2 2 2 2 2 2 2 2 2 2 2 2 2 2 2 2]"
21.32393126364637,3.579232877100278,2.8707219666895343,3,2,0.604594399200502,0.758190686811205,0.689742821163801,0.682393089611039,"[0 0 0 2 2 2 2 2 2 2 2 2 2 2 2 2 2 2 2 2 2]
[0 0 0 2 2 2 2 2 2 2 2 2 2 2 2 2 2 2 2 2 2]
[0 0 2 2 2 2 2 2 2 2 2 2 2 2 2 2 2 2 2 2 2]
[2 2 2 2 2 2 2 2 2 2 2 2 2 2 2 2 2 2 2 2 2]
[2 2 2 2 2 2 2 2 2 2 2 2 2 2 2 2 2 2 2 2 2]
[2 2 2 2 2 2 2 2 2 2 2 2 2 2 2 2 2 2 2 2 2]
[2 2 2 2 2 2 2 2 2 2 2 2 2 2 2 2 2 2 2 2 2]
[2 2 2 2 2 2 2 2 2 2 2 2 2 2 2 2 2 2 2 2 2]
[2 2 2 2 2 2 2 2 2 2 2 2 2 2 2 2 2 2 2 2 2]
[2 2 2 2 2 2 2 2 2 2 2 2 2 2 2 2 2 2 2 2 2]
[2 2 2 2 2 2 2 2 2 2 2 2 2 2 2 2 2 2 2 2 2]
[2 2 2 2 2 2 2 2 2 2 2 2 2 2 2 2 2 2 2 2 2]
[2 2 2 2 2 2 2 2 2 2 2 2 2 2 2 2 2 2 2 2 2]
[2 2 2 2 2 2 2 2 2 2 2 2 2 2 2 2 2 2 2 2 2]
[2 2 2 2 2 2 2 2 2 2 2 2 2 2 2 2 2 2 2 2 2]
[2 2 2 2 2 2 2 2 2 2 2 2 2 2 2 2 2 2 2 2 2]
[2 2 2 2 2 2 2 2 2 2 2 2 2 2 2 2 2 2 2 2 2]
[2 2 2 2 2 2 2 2 2 2 2 2 2 2 2 2 2 2 2 2 2]
[2 2 2 2 2 2 2 2 2 2 2 2 2 2 2 2 2 2 2 2 2]
[2 2 2 2 2 2 2 2 2 2 2 2 2 2 2 2 2 2 2 2 2]
[2 2 2 2 2 2 2 2 2 2 2 2 2 2 2 2 2 2 2 2 2]"
14.385431078669587,2.7697726308422643,3.551190294582568,4,3,0.796851800000113,0.602291361737496,0.407494332855365,0.426376691410395,"[0 0 0 0 0 0 0 2 2 2 2 2 2 2 2 2 2 2 2 2 2]
[0 0 0 0 0 0 2 2 2 2 2 2 2 2 2 2 2 2 2 2 2]
[0 0 0 0 0 0 2 2 2 2 2 2 2 2 2 2 2 2 2 2 2]
[0 0 0 0 0 2 2 2 2 2 2 2 2 2 2 2 2 2 2 2 2]
[1 1 2 2 2 2 2 2 2 2 2 2 2 2 2 2 2 2 2 2 2]
[1 1 2 2 2 2 2 2 2 2 2 2 2 2 2 2 2 2 2 2 2]
[1 1 2 2 2 2 2 2 2 2 2 2 2 2 2 2 2 2 2 2 2]
[1 2 2 2 2 2 2 2 2 2 2 2 2 2 2 2 2 2 2 2 2]
[1 2 2 2 2 2 2 2 2 2 2 2 2 2 2 2 2 2 2 2 2]
[1 2 2 2 2 2 2 2 2 2 2 2 2 2 2 2 2 2 2 2 2]
[1 2 2 2 2 2 2 2 2 2 2 2 2 2 2 2 2 2 2 2 2]
[1 2 2 2 2 2 2 2 2 2 2 2 2 2 2 2 2 2 2 2 2]
[1 2 2 2 2 2 2 2 2 2 2 2 2 2 2 2 2 2 2 2 2]
[1 2 2 2 2 2 2 2 2 2 2 2 2 2 2 2 2 2 2 2 2]
[2 2 2 2 2 2 2 2 2 2 2 2 2 2 2 2 2 2 2 2 2]
[2 2 2 2 2 2 2 2 2 2 2 2 2 2 2 2 2 2 2 2 2]
[2 2 2 2 2 2 2 2 2 2 2 2 2 2 2 2 2 2 2 2 2]
[2 2 2 2 2 2 2 2 2 2 2 2 2 2 2 2 2 2 2 2 2]
[2 2 2 2 2 2 2 2 2 2 2 2 2 2 2 2 2 2 2 2 2]
[2 2 2 2 2 2 2 2 2 2 2 2 2 2 2 2 2 2 2 2 2]
[1 1 1 2 2 2 2 2 2 2 2 2 2 2 2 2 2 2 2 2 2]"
12.808830134277699,2.203046092731126,3.1605253643411113,3,4,0.546709912306791,0.628593539872801,0.367190226013756,0.347451904861062,"[1 1 1 1 0 0 0 0 2 2 2 2 2 2 2 2 2 2 2 2 2]
[1 1 1 1 0 0 0 2 2 2 2 2 2 2 2 2 2 2 2 2 2]
[1 1 1 1 0 0 2 2 2 2 2 2 2 2 2 2 2 2 2 2 2]
[1 1 1 1 2 2 2 2 2 2 2 2 2 2 2 2 2 2 2 2 2]
[1 1 1 1 2 2 2 2 2 2 2 2 2 2 2 2 2 2 2 2 2]
[1 1 1 1 2 2 2 2 2 2 2 2 2 2 2 2 2 2 2 2 2]
[1 1 1 1 2 2 2 2 2 2 2 2 2 2 2 2 2 2 2 2 2]
[1 1 1 1 2 2 2 2 2 2 2 2 2 2 2 2 2 2 2 2 2]
[1 1 1 1 2 2 2 2 2 2 2 2 2 2 2 2 2 2 2 2 2]
[1 1 1 1 2 2 2 2 2 2 2 2 2 2 2 2 2 2 2 2 2]
[1 1 1 1 2 2 2 2 2 2 2 2 2 2 2 2 2 2 2 2 2]
[1 1 1 1 2 2 2 2 2 2 2 2 2 2 2 2 2 2 2 2 2]
[1 1 1 1 2 2 2 2 2 2 2 2 2 2 2 2 2 2 2 2 2]
[1 1 1 1 2 2 2 2 2 2 2 2 2 2 2 2 2 2 2 2 2]
[1 1 1 1 2 2 2 2 2 2 2 2 2 2 2 2 2 2 2 2 2]
[1 1 1 1 2 2 2 2 2 2 2 2 2 2 2 2 2 2 2 2 2]
[1 1 1 1 2 2 2 2 2 2 2 2 2 2 2 2 2 2 2 2 2]
[1 1 1 1 2 2 2 2 2 2 2 2 2 2 2 2 2 2 2 2 2]
[1 1 1 1 2 2 2 2 2 2 2 2 2 2 2 2 2 2 2 2 2]
[1 1 1 1 2 2 2 2 2 2 2 2 2 2 2 2 2 2 2 2 2]
[1 1 1 1 2 2 2 2 2 2 2 2 2 2 2 2 2 2 2 2 2]"
11.114759650315161,2.8698763069065105,3.2853863025728733,4,3,0.550041532019759,0.694893757803636,0.308513447603639,0.346603540629651,"[0 0 0 0 0 0 2 2 2 2 2 2 2 2 2 2 2 2 2 2 2]
[0 0 0 0 0 0 2 2 2 2 2 2 2 2 2 2 2 2 2 2 2]
[0 0 0 0 0 2 2 2 2 2 2 2 2 2 2 2 2 2 2 2 2]
[0 0 0 0 2 2 2 2 2 2 2 2 2 2 2 2 2 2 2 2 2]
[1 1 2 2 2 2 2 2 2 2 2 2 2 2 2 2 2 2 2 2 2]
[1 1 2 2 2 2 2 2 2 2 2 2 2 2 2 2 2 2 2 2 2]
[1 1 2 2 2 2 2 2 2 2 2 2 2 2 2 2 2 2 2 2 2]
[1 1 2 2 2 2 2 2 2 2 2 2 2 2 2 2 2 2 2 2 2]
[1 2 2 2 2 2 2 2 2 2 2 2 2 2 2 2 2 2 2 2 2]
[1 2 2 2 2 2 2 2 2 2 2 2 2 2 2 2 2 2 2 2 2]
[1 2 2 2 2 2 2 2 2 2 2 2 2 2 2 2 2 2 2 2 2]
[1 2 2 2 2 2 2 2 2 2 2 2 2 2 2 2 2 2 2 2 2]
[1 2 2 2 2 2 2 2 2 2 2 2 2 2 2 2 2 2 2 2 2]
[1 2 2 2 2 2 2 2 2 2 2 2 2 2 2 2 2 2 2 2 2]
[2 2 2 2 2 2 2 2 2 2 2 2 2 2 2 2 2 2 2 2 2]
[2 2 2 2 2 2 2 2 2 2 2 2 2 2 2 2 2 2 2 2 2]
[2 2 2 2 2 2 2 2 2 2 2 2 2 2 2 2 2 2 2 2 2]
[2 2 2 2 2 2 2 2 2 2 2 2 2 2 2 2 2 2 2 2 2]
[2 2 2 2 2 2 2 2 2 2 2 2 2 2 2 2 2 2 2 2 2]
[2 2 2 2 2 2 2 2 2 2 2 2 2 2 2 2 2 2 2 2 2]
[1 1 1 2 2 2 2 2 2 2 2 2 2 2 2 2 2 2 2 2 2]"
15.802200265370583,3.323588416350894,2.3407091211169124,2,4,0.523102832985089,0.773542890704744,0.534775098779083,0.525051183694511,"[0 0 0 0 0 0 2 2 2 2 2 2 2 2 2 2 2 2 2 2 2]
[0 0 0 0 0 0 2 2 2 2 2 2 2 2 2 2 2 2 2 2 2]
[1 1 1 1 2 2 2 2 2 2 2 2 2 2 2 2 2 2 2 2 2]
[1 1 1 2 2 2 2 2 2 2 2 2 2 2 2 2 2 2 2 2 2]
[1 1 1 2 2 2 2 2 2 2 2 2 2 2 2 2 2 2 2 2 2]
[1 1 1 2 2 2 2 2 2 2 2 2 2 2 2 2 2 2 2 2 2]
[1 1 1 2 2 2 2 2 2 2 2 2 2 2 2 2 2 2 2 2 2]
[1 1 1 2 2 2 2 2 2 2 2 2 2 2 2 2 2 2 2 2 2]
[1 1 1 2 2 2 2 2 2 2 2 2 2 2 2 2 2 2 2 2 2]
[1 1 1 2 2 2 2 2 2 2 2 2 2 2 2 2 2 2 2 2 2]
[1 1 1 2 2 2 2 2 2 2 2 2 2 2 2 2 2 2 2 2 2]
[1 1 1 2 2 2 2 2 2 2 2 2 2 2 2 2 2 2 2 2 2]
[1 1 1 2 2 2 2 2 2 2 2 2 2 2 2 2 2 2 2 2 2]
[1 1 1 2 2 2 2 2 2 2 2 2 2 2 2 2 2 2 2 2 2]
[1 1 1 2 2 2 2 2 2 2 2 2 2 2 2 2 2 2 2 2 2]
[1 1 1 2 2 2 2 2 2 2 2 2 2 2 2 2 2 2 2 2 2]
[1 1 1 2 2 2 2 2 2 2 2 2 2 2 2 2 2 2 2 2 2]
[1 1 1 2 2 2 2 2 2 2 2 2 2 2 2 2 2 2 2 2 2]
[1 1 1 2 2 2 2 2 2 2 2 2 2 2 2 2 2 2 2 2 2]
[1 1 1 2 2 2 2 2 2 2 2 2 2 2 2 2 2 2 2 2 2]
[1 1 1 1 2 2 2 2 2 2 2 2 2 2 2 2 2 2 2 2 2]"
13.820173812051078,4.869522160497695,2.983634827760465,4,2,0.676334639426568,0.663019903332148,0.383440173038001,0.368446202712854,"[0 0 0 2 2 2 2 2 2 2 2 2 2 2 2 2 2 2 2 2 2]
[0 0 0 2 2 2 2 2 2 2 2 2 2 2 2 2 2 2 2 2 2]
[0 0 2 2 2 2 2 2 2 2 2 2 2 2 2 2 2 2 2 2 2]
[0 2 2 2 2 2 2 2 2 2 2 2 2 2 2 2 2 2 2 2 2]
[2 2 2 2 2 2 2 2 2 2 2 2 2 2 2 2 2 2 2 2 2]
[2 2 2 2 2 2 2 2 2 2 2 2 2 2 2 2 2 2 2 2 2]
[2 2 2 2 2 2 2 2 2 2 2 2 2 2 2 2 2 2 2 2 2]
[2 2 2 2 2 2 2 2 2 2 2 2 2 2 2 2 2 2 2 2 2]
[2 2 2 2 2 2 2 2 2 2 2 2 2 2 2 2 2 2 2 2 2]
[2 2 2 2 2 2 2 2 2 2 2 2 2 2 2 2 2 2 2 2 2]
[2 2 2 2 2 2 2 2 2 2 2 2 2 2 2 2 2 2 2 2 2]
[2 2 2 2 2 2 2 2 2 2 2 2 2 2 2 2 2 2 2 2 2]
[2 2 2 2 2 2 2 2 2 2 2 2 2 2 2 2 2 2 2 2 2]
[2 2 2 2 2 2 2 2 2 2 2 2 2 2 2 2 2 2 2 2 2]
[2 2 2 2 2 2 2 2 2 2 2 2 2 2 2 2 2 2 2 2 2]
[2 2 2 2 2 2 2 2 2 2 2 2 2 2 2 2 2 2 2 2 2]
[2 2 2 2 2 2 2 2 2 2 2 2 2 2 2 2 2 2 2 2 2]
[2 2 2 2 2 2 2 2 2 2 2 2 2 2 2 2 2 2 2 2 2]
[2 2 2 2 2 2 2 2 2 2 2 2 2 2 2 2 2 2 2 2 2]
[2 2 2 2 2 2 2 2 2 2 2 2 2 2 2 2 2 2 2 2 2]
[2 2 2 2 2 2 2 2 2 2 2 2 2 2 2 2 2 2 2 2 2]"
14.203716021415268,4.2861980583770904,2.4871058604999865,2,3,0.576932588760757,0.731287628851453,0.502816109476933,0.496969115726454,"[0 0 0 0 0 2 2 2 2 2 2 2 2 2 2 2 2 2 2 2 2]
[0 0 0 0 2 2 2 2 2 2 2 2 2 2 2 2 2 2 2 2 2]
[1 1 2 2 2 2 2 2 2 2 2 2 2 2 2 2 2 2 2 2 2]
[1 1 2 2 2 2 2 2 2 2 2 2 2 2 2 2 2 2 2 2 2]
[1 2 2 2 2 2 2 2 2 2 2 2 2 2 2 2 2 2 2 2 2]
[1 2 2 2 2 2 2 2 2 2 2 2 2 2 2 2 2 2 2 2 2]
[1 2 2 2 2 2 2 2 2 2 2 2 2 2 2 2 2 2 2 2 2]
[1 2 2 2 2 2 2 2 2 2 2 2 2 2 2 2 2 2 2 2 2]
[2 2 2 2 2 2 2 2 2 2 2 2 2 2 2 2 2 2 2 2 2]
[2 2 2 2 2 2 2 2 2 2 2 2 2 2 2 2 2 2 2 2 2]
[2 2 2 2 2 2 2 2 2 2 2 2 2 2 2 2 2 2 2 2 2]
[2 2 2 2 2 2 2 2 2 2 2 2 2 2 2 2 2 2 2 2 2]
[2 2 2 2 2 2 2 2 2 2 2 2 2 2 2 2 2 2 2 2 2]
[2 2 2 2 2 2 2 2 2 2 2 2 2 2 2 2 2 2 2 2 2]
[2 2 2 2 2 2 2 2 2 2 2 2 2 2 2 2 2 2 2 2 2]
[2 2 2 2 2 2 2 2 2 2 2 2 2 2 2 2 2 2 2 2 2]
[2 2 2 2 2 2 2 2 2 2 2 2 2 2 2 2 2 2 2 2 2]
[2 2 2 2 2 2 2 2 2 2 2 2 2 2 2 2 2 2 2 2 2]
[2 2 2 2 2 2 2 2 2 2 2 2 2 2 2 2 2 2 2 2 2]
[2 2 2 2 2 2 2 2 2 2 2 2 2 2 2 2 2 2 2 2 2]
[1 1 1 2 2 2 2 2 2 2 2 2 2 2 2 2 2 2 2 2 2]"
20.8925237042765,4.9783898727425875,3.535692846043161,2,4,0.739874737996017,0.617071951535067,0.459903268773180,0.448547045464560,"[0 0 0 0 0 0 0 0 0 2 2 2 2 2 2 2 2 2 2 2 2]
[0 0 0 0 0 0 0 0 0 2 2 2 2 2 2 2 2 2 2 2 2]
[1 1 1 1 0 2 2 2 2 2 2 2 2 2 2 2 2 2 2 2 2]
[1 1 1 1 2 2 2 2 2 2 2 2 2 2 2 2 2 2 2 2 2]
[1 1 1 1 2 2 2 2 2 2 2 2 2 2 2 2 2 2 2 2 2]
[1 1 1 1 2 2 2 2 2 2 2 2 2 2 2 2 2 2 2 2 2]
[1 1 1 2 2 2 2 2 2 2 2 2 2 2 2 2 2 2 2 2 2]
[1 1 1 2 2 2 2 2 2 2 2 2 2 2 2 2 2 2 2 2 2]
[1 1 1 2 2 2 2 2 2 2 2 2 2 2 2 2 2 2 2 2 2]
[1 1 1 2 2 2 2 2 2 2 2 2 2 2 2 2 2 2 2 2 2]
[1 1 1 2 2 2 2 2 2 2 2 2 2 2 2 2 2 2 2 2 2]
[1 1 1 2 2 2 2 2 2 2 2 2 2 2 2 2 2 2 2 2 2]
[1 1 1 2 2 2 2 2 2 2 2 2 2 2 2 2 2 2 2 2 2]
[1 1 1 2 2 2 2 2 2 2 2 2 2 2 2 2 2 2 2 2 2]
[1 1 1 2 2 2 2 2 2 2 2 2 2 2 2 2 2 2 2 2 2]
[1 1 1 2 2 2 2 2 2 2 2 2 2 2 2 2 2 2 2 2 2]
[1 1 1 2 2 2 2 2 2 2 2 2 2 2 2 2 2 2 2 2 2]
[1 1 1 2 2 2 2 2 2 2 2 2 2 2 2 2 2 2 2 2 2]
[1 1 1 2 2 2 2 2 2 2 2 2 2 2 2 2 2 2 2 2 2]
[1 1 1 2 2 2 2 2 2 2 2 2 2 2 2 2 2 2 2 2 2]
[1 1 1 1 2 2 2 2 2 2 2 2 2 2 2 2 2 2 2 2 2]"
12.65656643939664,4.579941816257683,4.206879495279088,2,3,0.717344300221868,0.645123058346650,0.305719609924813,0.309086720608660,"[0 0 0 0 0 0 0 0 0 2 2 2 2 2 2 2 2 2 2 2 2]
[0 0 0 0 0 0 0 0 2 2 2 2 2 2 2 2 2 2 2 2 2]
[1 1 1 0 0 2 2 2 2 2 2 2 2 2 2 2 2 2 2 2 2]
[1 1 1 2 2 2 2 2 2 2 2 2 2 2 2 2 2 2 2 2 2]
[1 1 1 2 2 2 2 2 2 2 2 2 2 2 2 2 2 2 2 2 2]
[1 1 1 2 2 2 2 2 2 2 2 2 2 2 2 2 2 2 2 2 2]
[1 1 1 2 2 2 2 2 2 2 2 2 2 2 2 2 2 2 2 2 2]
[1 1 1 2 2 2 2 2 2 2 2 2 2 2 2 2 2 2 2 2 2]
[1 1 1 2 2 2 2 2 2 2 2 2 2 2 2 2 2 2 2 2 2]
[1 1 1 2 2 2 2 2 2 2 2 2 2 2 2 2 2 2 2 2 2]
[1 1 1 2 2 2 2 2 2 2 2 2 2 2 2 2 2 2 2 2 2]
[1 1 1 2 2 2 2 2 2 2 2 2 2 2 2 2 2 2 2 2 2]
[1 1 1 2 2 2 2 2 2 2 2 2 2 2 2 2 2 2 2 2 2]
[1 1 1 2 2 2 2 2 2 2 2 2 2 2 2 2 2 2 2 2 2]
[1 1 1 2 2 2 2 2 2 2 2 2 2 2 2 2 2 2 2 2 2]
[1 1 1 2 2 2 2 2 2 2 2 2 2 2 2 2 2 2 2 2 2]
[1 1 1 2 2 2 2 2 2 2 2 2 2 2 2 2 2 2 2 2 2]
[1 1 1 2 2 2 2 2 2 2 2 2 2 2 2 2 2 2 2 2 2]
[1 1 1 2 2 2 2 2 2 2 2 2 2 2 2 2 2 2 2 2 2]
[1 1 1 2 2 2 2 2 2 2 2 2 2 2 2 2 2 2 2 2 2]
[1 1 1 2 2 2 2 2 2 2 2 2 2 2 2 2 2 2 2 2 2]"
